step,speed
0,19.22722048
1,19.17086778
2,18.80950567
3,18.46678277
4,19.73884526
5,22.03168594
6,22.23323533
7,19.59418867
8,17.97093483
9,20.2786141
10,20.35721678
11,18.90865487
12,19.77948728
13,20.78386059
14,21.20625767
15,20.82006167
16,21.41612678
17,22.22832208
18,22.13868636
19,23.25968473
20,21.59495263
21,21.81719579
22,21.22804914
23,19.05593653
24,18.88695364
25,20.8187933
26,19.83739702
27,18.62009648
28,18.70060117
29,19.54997931
30,20.60276985
31,20.02667978
32,19.61539522
33,18.92230511
34,18.94237343
35,19.67719586
36,18.90955159
37,20.42845721
38,21.08618641
39,20.39882678
40,19.05694389
41,18.91704733
42,19.68429644
43,20.24494111
44,19.947206
45,19.50982404
46,18.19424756
47,16.93656552
48,17.03855969
49,17.05983716
50,15.83213866
51,16.16035822
52,17.76988716
53,19.52346088
54,19.6336125
55,19.59950141
56,19.26108495
57,17.5629457
58,17.82249149
59,15.78835667
60,14.47792343
61,16.06002587
62,17.43804712
63,17.84040789
64,17.65357671
65,15.88118143
66,14.7265166
67,15.18246586
68,15.52398058
69,16.30972644
70,16.99180622
71,17.81892128
72,16.01989594
73,14.05303013
74,13.50144112
75,11.62316164
76,12.33113041
77,13.30132073
78,10.68746601
79,9.0108912
80,11.19842469
81,12.74194748
82,11.78805107
83,11.09649068
84,10.89409983
85,12.89080928
86,12.29661463
87,11.21060138
88,12.8114181
89,12.41285992
90,14.1110738
91,16.39910304
92,19.36267227
93,20.24673489
94,19.47078662
95,22.38989299
96,21.70636793
97,16.96232724
98,16.19057001
99,18.25574527
100,18.65491989
101,17.86017067
102,17.81609683
103,18.20549328
104,18.37904831
105,18.986597
106,19.18339913
107,19.26567911
108,19.60255156
109,24.22376422
110,29.92787389
111,25.46738844
112,20.56440622
113,20.73337501
114,19.6055269
115,19.89632142
116,25.10723738
117,29.2301952
118,26.51109768
119,22.72816367
120,18.70273291
121,18.78760507
122,19.32675455
123,18.87283557
124,18.28614178
125,18.97924622
126,19.99482479
127,32.82027387
128,34.0437487
129,23.40912651
130,21.82785526
131,19.07824305
132,21.48859367
133,24.66417057
134,21.73184111
135,18.89809502
136,18.72271355
137,18.66439402
138,19.68751805
139,20.75633723
140,19.63707655
141,18.26057733
142,19.03568322
143,18.91850167
144,16.93521757
145,16.5400812
146,15.76555867
147,14.04240619
148,13.50489042
149,14.94939822
150,15.13036787
151,14.18793497
152,14.58949609
153,15.23055047
154,15.35814
155,15.60301205
156,13.47344102
157,10.84117451
158,11.66941306
159,11.97241212
160,11.51659209
161,12.46742928
162,14.84756026
163,14.70909204
164,12.23696853
165,10.43735851
166,10.12860336
167,10.81112461
168,12.45056432
169,14.56662152
170,15.52165572
171,15.72803301
172,15.05937077
173,13.77894899
174,13.50031238
175,17.23229196
176,20.75153448
177,17.05490416
178,14.80350619
179,19.96363932
180,18.51688186
181,12.21263501
182,12.80685603
183,13.31123873
184,10.92852382
185,12.51339868
186,14.82280579
187,17.75663991
188,16.62617696
189,13.71720653
190,14.0932051
191,15.42114694
192,18.08907967
193,22.28729889
194,23.42832467
195,19.51422456
196,18.330539
197,18.12121044
198,19.21569356
199,24.25268162
200,32.46985869
201,30.20036035
202,23.81245367
203,28.50263033
204,29.71092424
205,21.83180526
206,18.98263063
207,20.26719444
208,21.07143711
209,22.30656367
210,23.18399644
211,22.74278734
212,22.87712442
213,28.89135808
214,26.37256507
215,19.81947705
216,18.50801438
217,19.34498169
218,21.96478125
219,20.90968105
220,17.38624403
221,17.56941808
222,20.20447055
223,20.28059392
224,20.31126227
225,21.86863311
226,23.15500587
227,23.98516142
228,25.51765166
229,23.80245902
230,21.86639269
231,21.50298527
232,20.74637754
233,19.37988358
234,18.32072862
235,18.60359706
236,18.35728333
237,19.48702297
238,20.45658782
239,18.1741972
240,16.05932333
241,15.37516721
242,14.87327664
243,15.37807876
244,15.31115397
245,16.88265586
246,18.68785998
247,16.56137494
248,13.45433039
249,13.08542617
250,12.76000499
251,9.545549833
252,9.039554828
253,13.92413737
254,16.84507159
255,14.34385069
256,12.28765916
257,11.68062721
258,11.89715888
259,12.3563699
260,11.67737674
261,11.9508005
262,12.7307357
263,10.02788532
264,9.137901533
265,11.21625866
266,14.49241228
267,13.42799569
268,10.83951656
269,13.14595023
270,12.80927667
271,9.977685933
272,10.04983899
273,10.57553421
274,9.893400367
275,11.83073992
276,14.5691506
277,15.74214577
278,15.02369083
279,14.48099103
280,14.68959807
281,14.6172361
282,14.83168854
283,14.69781702
284,15.30246692
285,16.28460592
286,17.26926426
287,17.886024
288,19.75433143
289,20.33996478
290,19.49346044
291,19.36501267
292,19.95466456
293,21.26430249
294,19.85763494
295,18.66182384
296,19.88693956
297,21.11537267
298,20.25460744
299,18.97121933
300,20.82012596
301,23.85251367
302,24.72988741
303,21.72854523
304,21.97949989
305,20.74043365
306,19.77303063
307,19.20660572
308,18.37859388
309,18.60264363
310,18.6
311,28.1321
312,26.01847733
313,19.24991281
314,20.39748671
315,23.49076312
316,22.17005471
317,17.88469324
318,18.21689986
319,20.42393333
320,18.6
321,18.6
322,19.39203415
323,20.76888475
324,19.87019019
325,19.30123722
326,19.64624933
327,19.40072733
328,19.47287022
329,19.74873023
330,19.37679713
331,19.24943934
332,19.83509767
333,19.13292222
334,18.64006156
335,19.72767878
336,18.24531557
337,16.63441963
338,18.3351656
339,18.47819387
340,16.631528
341,16.4919667
342,15.85235832
343,14.02260757
344,12.53807757
345,12.37680293
346,13.76094846
347,14.98806887
348,14.79076946
349,14.53220771
350,16.07771468
351,17.09158367
352,22.16379575
353,21.93664998
354,15.44254641
355,17.66439071
356,19.13409112
357,16.27894012
358,13.67640894
359,12.14486477
360,12.53103032
361,12.80471158
362,13.47613436
363,13.92437811
364,14.80581924
365,16.43123786
366,16.12830969
367,16.02421606
368,18.37433831
369,17.45502057
370,14.64996247
371,12.17437591
372,13.45357108
373,16.2589275
374,16.28476557
375,16.59812391
376,16.14518414
377,15.43076997
378,17.18429118
379,19.93633438
380,18.77841504
381,17.74433222
382,21.6685868
383,23.68163337
384,20.87983957
385,23.2914403
386,23.96461179
387,20.3622701
388,20.22836668
389,22.65026949
390,23.99124172
391,20.99324888
392,24.45364075
393,40.94181146
394,35.9118156
395,22.94093264
396,22.04455732
397,19.46412694
398,22.17501635
399,22.46592565
400,19.45201138
401,20.88102478
402,21.22585901
403,21.20662476
404,22.7445487
405,22.64882497
406,22.80932712
407,25.57845784
408,25.09337246
409,23.66401643
410,23.16717572
411,21.15352712
412,19.10667764
413,20.80797561
414,21.23771759
415,21.11760385
416,21.60460942
417,20.64554282
418,20.61451569
419,20.28535322
420,20.39689433
421,20.80158244
422,20.84000922
423,20.80419267
424,19.61462923
425,18.66309778
426,18.75029933
427,19.96087822
428,20.29349833
429,19.47031422
430,18.76527189
431,18.25511718
432,17.87045608
433,16.59024823
434,16.38463626
435,17.20156242
436,16.56715094
437,16.69039067
438,18.22017078
439,18.25859911
440,17.74582356
441,17.58138064
442,17.84508789
443,18.66866293
444,17.48537172
445,16.6935377
446,18.10315588
447,19.43600424
448,18.45964412
449,18.53535909
450,18.52705544
451,17.34922467
452,17.46166323
453,22.6473816
454,22.39477922
455,16.65710729
456,18.64835354
457,18.2324213
458,16.04247358
459,16.62316232
460,15.95692404
461,14.52316537
462,14.47444812
463,15.56929312
464,15.55323681
465,15.48923739
466,18.52437454
467,18.81648428
468,16.98884251
469,16.50354873
470,15.85143199
471,14.69140283
472,14.32563567
473,16.21726427
474,17.26354063
475,17.10710117
476,18.7581771
477,20.93793589
478,18.72015834
479,16.92984983
480,20.24888816
481,20.28247067
482,17.83104678
483,17.62309021
484,18.03851346
485,18.45992515
486,18.69325949
487,20.07890661
488,20.15852826
489,18.97707849
490,19.12964082
491,20.40899551
492,20.48687062
493,19.81305507
494,23.70467201
495,27.56732689
496,19.06576933
497,17.85975653
498,18.05957139
499,19.94094005
500,22.32393122
501,24.33626667
502,21.33391574
503,19.99475917
504,19.70778222
505,19.45506143
506,19.37071725
507,19.29277728
508,18.78127073
509,19.66938533
510,22.24098215
511,22.26426467
512,20.09641
513,19.16440389
514,19.07829033
515,19.65342522
516,21.11502756
517,21.57721634
518,21.58927951
519,19.69029961
520,19.11466856
521,19.96915256
522,19.03804089
523,18.78450722
524,19.79345476
525,20.65768107
526,19.79253671
527,17.43226181
528,16.18221811
529,15.65473431
530,15.82511644
531,17.85643743
532,18.91405656
533,16.96094347
534,15.54189867
535,15.53312927
536,15.29664256
537,15.73463454
538,15.68606859
539,15.4887374
540,15.36640428
541,14.44791663
542,14.17814286
543,14.97838976
544,15.47894018
545,16.29144699
546,17.31667208
547,16.65487949
548,16.2646303
549,16.35871592
550,18.01516709
551,17.92164234
552,13.76803841
553,11.88491056
554,11.3758766
555,10.57856688
556,10.35594491
557,12.20925189
558,14.35328371
559,12.77515468
560,11.97236308
561,13.41395347
562,14.70000553
563,15.83186134
564,18.61069411
565,19.37963462
566,15.85289549
567,15.39261748
568,16.55907173
569,17.5662187
570,18.64354522
571,26.74069474
572,28.18284933
573,20.58601011
574,19.94206
575,19.11268149
576,17.52725478
577,17.75126444
578,18.96676064
579,18.98301935
580,19.29032411
581,20.85160389
582,22.61952856
583,25.98928614
584,30.31497493
585,25.36448314
586,18.26920162
587,17.72378016
588,19.64617627
589,21.12571038
590,23.28551937
591,23.00857085
592,24.44328821
593,23.14842123
594,21.3711057
595,20.55044098
596,20.90931498
597,29.10975477
598,31.8563639
599,18.6
600,30.79427294
601,36.95628622
602,23.52679436
603,19.47369783
604,20.62740218
605,21.57851668
606,25.11585235
607,28.12847569
608,22.37798787
609,18.83037062
610,20.62516107
611,20.54212598
612,19.06666579
613,19.71514422
614,19.42197735
615,18.67731
616,18.80869352
617,18.41935178
618,18.383069
619,18.77718711
620,18.979705
621,19.16641211
622,18.82555744
623,17.28659233
624,15.65555558
625,16.33885633
626,17.11995463
627,17.47919456
628,17.42576023
629,16.87516516
630,17.92637118
631,17.52366279
632,17.03112854
633,16.22963161
634,13.85215467
635,15.17909072
636,17.36737799
637,16.24814248
638,16.7523134
639,18.31442741
640,17.14219887
641,15.53596416
642,16.04118219
643,16.22681027
644,14.54060934
645,14.99949401
646,15.6225849
647,13.19722672
648,11.25600583
649,11.70033721
650,11.95639239
651,11.11386147
652,10.76139206
653,12.98432788
654,13.89443056
655,13.12278427
656,14.28298872
657,16.31841042
658,15.50797388
659,14.15853654
660,15.53430217
661,14.95981206
662,14.29191499
663,15.69562131
664,17.33697106
665,17.1458943
666,14.56360823
667,14.90130819
668,16.40883679
669,16.41865684
670,15.81107237
671,14.6903358
672,15.58737232
673,16.60906094
674,17.74886104
675,17.60446623
676,16.69963534
677,17.7632133
678,20.13745481
679,20.42547969
680,18.79978649
681,20.60135956
682,22.33266956
683,21.37157867
684,20.13578671
685,18.99627806
686,19.46869584
687,20.26941587
688,19.75330547
689,21.12035665
690,21.20161423
691,19.21881757
692,20.30125393
693,21.7303723
694,21.38326976
695,23.05528502
696,23.30303108
697,20.62431081
698,19.72720647
699,20.67368313
700,21.28640775
701,23.22698972
702,22.47726062
703,21.30785577
704,21.51927001
705,19.33155518
706,21.45016887
707,21.81805401
708,20.13756544
709,19.96484633
710,19.27006878
711,18.83988789
712,19.08189367
713,19.59247056
714,25.30997922
715,27.82621489
716,26.03956742
717,23.72224
718,18.63332921
719,18.25725417
720,16.5818981
721,15.45842822
722,16.86531344
723,18.24600509
724,15.76337482
725,13.62724586
726,15.203928
727,15.53354153
728,14.21556129
729,12.71944229
730,11.86741781
731,12.55217872
732,13.75137363
733,14.24472523
734,16.01922151
735,20.17566727
736,21.0895566
737,18.24806504
738,15.72209848
739,14.02480484
740,12.77061144
741,12.45744187
742,12.8902984
743,13.0144382
744,11.95911298
745,10.2696222
746,10.40362783
747,12.03595863
748,14.40504662
749,16.01262689
750,15.35159116
751,13.13822202
752,10.97925633
753,10.31847859
754,11.5601394
755,13.31371141
756,13.31869202
757,13.06926239
758,12.17311802
759,12.19753671
760,13.79766169
761,12.20612716
762,12.4804796
763,14.78804394
764,17.61764216
765,18.96433393
766,16.91433683
767,16.78740731
768,17.05837339
769,16.67386642
770,18.38058667
771,19.54943056
772,18.29811644
773,17.91095011
774,18.841775
775,18.17955178
776,19.00303139
777,20.41683654
778,19.52169929
779,19.46284333
780,18.85458156
781,18.46582347
782,18.49225736
783,17.08496111
784,18.70386814
785,22.14963362
786,25.89019188
787,27.65718
788,42.44461344
789,45.81460191
790,33.47330137
791,25.48012532
792,21.39914206
793,18.98185282
794,20.11754846
795,19.95732165
796,20.75003122
797,25.49372702
798,27.70209746
799,23.03769571
800,28.03874387
801,40.19694529
802,30.42524154
803,18.4066458
804,19.01527022
805,20.03324678
806,21.52964056
807,20.41289615
808,18.714211
809,18.86829833
810,19.02110356
811,19.05892222
812,18.31621378
813,18.23248122
814,18.61768518
815,17.82046639
816,16.71780477
817,15.9770155
818,14.38063302
819,12.77239917
820,14.26570331
821,16.68765689
822,15.74878264
823,16.44491847
824,16.5004442
825,15.65220678
826,15.80647555
827,14.29460461
828,16.39986648
829,15.75750957
830,12.02591551
831,12.74468699
832,15.62041538
833,15.49277574
834,15.31479267
835,15.57832884
836,13.33447489
837,12.41250318
838,13.93601957
839,14.83143896
840,13.19127303
841,12.87488608
842,13.16538653
843,13.92925936
844,22.30238687
845,23.74805283
846,15.40011553
847,13.27746802
848,14.26666025
849,14.58697087
850,14.1808215
851,13.82052118
852,14.93129984
853,16.5223115
854,17.58773322
855,17.4221952
856,15.83998313
857,14.8932563
858,15.92911148
859,19.38310122
860,23.968914
861,22.4354176
862,16.67707856
863,16.0697274
864,18.0147225
865,18.55389319
866,20.03742306
867,20.28176122
868,20.77266467
869,19.81863789
870,18.25835956
871,18.67599033
872,20.37147256
873,21.61485454
874,20.90521907
875,19.74122438
876,20.04700204
877,20.9844949
878,20.59269582
879,19.62984542
880,19.52499594
881,18.29986063
882,16.89410591
883,21.24109945
884,24.66177729
885,26.46109091
886,35.62654736
887,39.55836595
888,33.73462839
889,22.37551506
890,20.59607534
891,20.34283578
892,20.32062378
893,19.53008126
894,21.51481987
895,45.45257924
896,71.10811458
897,29.34520376
898,20.38388249
899,18.31457231
900,24.09943749
901,26.40713719
902,20.53219048
903,21.17023927
904,21.51164161
905,19.11626437
906,20.37311728
907,20.8968442
908,19.280937
909,18.832098
910,19.03744878
911,19.56691789
912,18.98044133
913,16.45997416
914,16.92551111
915,18.70356207
916,17.87303192
917,17.18843743
918,16.3143451
919,16.42382984
920,17.61980144
921,17.79326299
922,17.5528367
923,16.7892955
924,15.9731935
925,15.68712133
926,16.65180484
927,17.4110608
928,16.60957344
929,16.41589436
930,17.20732217
931,15.98050273
932,14.49742457
933,15.05065711
934,21.25893982
935,24.01270508
936,19.07994973
937,16.46186307
938,14.44578298
939,13.32566383
940,13.91380881
941,14.20044352
942,14.30352106
943,14.49422938
944,14.05368668
945,14.38592997
946,13.51057769
947,12.77695559
948,15.10207033
949,15.72968498
950,13.15964644
951,13.95768331
952,16.65080687
953,17.34710322
954,18.01254202
955,17.71209147
956,18.59816643
957,20.5466704
958,20.29346144
959,19.30209744
960,18.97849811
961,19.53350533
962,19.81633433
963,20.37186548
964,21.94113573
965,21.14444712
966,18.78449771
967,18.28248219
968,19.41497242
969,19.85372164
970,19.81740208
971,21.17165926
972,22.99320294
973,22.92223993
974,21.00529678
975,19.89822656
976,19.8689192
977,23.22698922
978,36.4011398
979,37.96608145
980,26.05126678
981,25.00611109
982,27.73510714
983,26.22402579
984,24.8021
985,20.07757384
986,19.91282024
987,19.91526652
988,19.5894421
989,18.94200164
990,18.8051135
991,18.76667635
992,19.77587805
993,21.3667077
994,20.34054621
995,20.00495647
996,19.46579683
997,19.60617446
998,20.86294427
999,20.64278058
1000,20.49195711
1001,20.34053133
1002,21.04735656
1003,20.60735322
1004,22.12218411
1005,22.39261178
1006,19.52894011
1007,20.58711924
1008,20.49498992
1009,17.84541237
1010,16.51025183
1011,15.78178984
1012,18.99329853
1013,18.50225747
1014,17.37925711
1015,16.67537443
1016,17.57404056
1017,17.97608388
1018,16.6417389
1019,16.19665403
1020,16.12381284
1021,16.07672386
1022,16.05435947
1023,19.39744254
1024,20.44297072
1025,18.52136693
1026,18.18621719
1027,16.04613473
1028,14.85930964
1029,15.75067923
1030,13.23260622
1031,9.771358489
1032,10.87735262
1033,12.66166446
1034,12.6667495
1035,12.22651434
1036,13.71666101
1037,14.13692232
1038,12.97220702
1039,13.32397853
1040,14.00372507
1041,15.19237404
1042,16.28386221
1043,13.93316444
1044,11.43198178
1045,13.41716436
1046,14.01384947
1047,14.36993269
1048,18.41646562
1049,18.64798736
1050,17.02505222
1051,17.12578507
1052,14.85947858
1053,14.34617684
1054,18.11065131
1055,20.15713273
1056,19.90211289
1057,18.73414978
1058,18.12558778
1059,22.46445734
1060,24.62852786
1061,21.20537568
1062,20.91888543
1063,20.47007911
1064,18.472046
1065,20.09584317
1066,21.65059017
1067,19.88598331
1068,21.04744102
1069,20.29910443
1070,18.58508469
1071,20.31495284
1072,24.31370149
1073,26.20872431
1074,25.25317066
1075,23.68620468
1076,21.38675942
1077,19.20084057
1078,18.59670037
1079,18.3157715
1080,18.18109658
1081,23.49968659
1082,22.88823743
1083,19.60202259
1084,18.43234986
1085,17.79895192
1086,19.55163693
1087,22.12277722
1088,23.6523887
1089,24.85584536
1090,27.62863215
1091,24.46858881
1092,18.79567662
1093,18.50791028
1094,18.77734104
1095,20.04783478
1096,20.63223646
1097,19.2917124
1098,18.28942743
1099,18.11972173
1100,18.20221649
1101,19.40420011
1102,21.47746864
1103,20.05102422
1104,17.61452324
1105,17.33604159
1106,16.56033778
1107,16.37679732
1108,16.97775178
1109,17.90309709
1110,19.02810322
1111,19.52848443
1112,20.17801989
1113,18.37673254
1114,15.15793773
1115,16.70844491
1116,17.34272051
1117,16.49779461
1118,16.93822639
1119,15.98621739
1120,15.23488884
1121,16.14705987
1122,16.89308789
1123,17.60608636
1124,18.72731882
1125,17.62887418
1126,16.1380226
1127,15.44042077
1128,15.11245261
1129,13.93560314
1130,13.79670959
1131,13.33153903
1132,13.10694104
1133,13.62658771
1134,12.05244988
1135,10.92012081
1136,14.24928553
1137,17.17559402
1138,15.80072203
1139,15.20608801
1140,16.04547091
1141,16.07919954
1142,16.37979218
1143,16.98895812
1144,16.73536274
1145,17.55557927
1146,17.96456311
1147,18.53650744
1148,19.73538656
1149,19.19590732
1150,18.1814785
1151,18.9358816
1152,19.65932411
1153,19.63331691
1154,18.94688824
1155,18.95191503
1156,22.97562977
1157,21.96231347
1158,21.86271318
1159,20.98709144
1160,18.83183722
1161,18.176265
1162,25.54224756
1163,40.53563633
1164,36.58805342
1165,22.08457253
1166,19.35942034
1167,18.78939334
1168,22.75484445
1169,21.14123869
1170,18.94464136
1171,20.18444393
1172,21.09075319
1173,20.23553434
1174,23.2574239
1175,21.26071919
1176,20.21606555
1177,21.2738263
1178,19.74451944
1179,19.58247672
1180,19.53200118
1181,18.56864706
1182,18.09764242
1183,17.52194819
1184,18.96040602
1185,19.30646606
1186,18.80787824
1187,18.78638297
1188,18.39048095
1189,18.292468
1190,18.62259944
1191,18.59126644
1192,18.86654622
1193,19.2645031
1194,19.97298632
1195,19.91220678
1196,17.53646289
1197,16.926217
1198,18.07230144
1199,18.85248067
1200,19.99498989
1201,17.88868271
1202,14.91602688
1203,14.90360951
1204,15.04566057
1205,16.68475589
1206,18.97820644
1207,18.07411313
1208,14.59595442
1209,13.5377499
1210,15.06973419
1211,16.47404936
1212,17.82220468
1213,20.39432486
1214,19.753855
1215,15.89689847
1216,15.7215741
1217,16.3794099
1218,13.72978879
1219,13.88235167
1220,16.10948021
1221,14.5335465
1222,13.35885039
1223,12.86008301
1224,13.43923556
1225,14.15443932
1226,13.84078461
1227,13.2451707
1228,11.55152353
1229,11.29060218
1230,14.26943301
1231,14.89825218
1232,14.34413206
1233,15.95625853
1234,15.78705959
1235,15.6519224
1236,15.80555159
1237,16.8890614
1238,18.48902489
1239,18.54011364
1240,18.69014007
1241,20.43474463
1242,20.00378414
1243,22.28095682
1244,29.33187786
1245,24.50739412
1246,17.64546571
1247,17.53316598
1248,15.4879218
1249,16.16697151
1250,17.79594592
1251,17.82390379
1252,17.96942525
1253,19.24160586
1254,20.52518294
1255,18.29651311
1256,17.78576978
1257,22.03868883
1258,26.69931478
1259,27.30417175
1260,22.78893715
1261,19.84065816
1262,19.10579752
1263,21.54801767
1264,25.20742834
1265,25.16775238
1266,20.6900578
1267,17.8015421
1268,19.90374857
1269,19.48929415
1270,18.71938256
1271,18.6
1272,22.41614456
1273,20.64929317
1274,18.59980154
1275,18.34126062
1276,19.72082932
1277,19.88328419
1278,19.285839
1279,18.78439196
1280,19.55475394
1281,19.69975093
1282,19.54371232
1283,19.684889
1284,19.52845479
1285,18.99507573
1286,18.61449591
1287,18.890072
1288,19.07967456
1289,19.69945404
1290,20.03891092
1291,19.85635423
1292,22.01592278
1293,20.71403589
1294,18.10044689
1295,18.30380966
1296,16.64669139
1297,15.56166701
1298,16.82593461
1299,17.50957956
1300,17.53323176
1301,17.96346639
1302,17.79395152
1303,16.76458556
1304,15.98755811
1305,16.29713003
1306,15.8821355
1307,15.38143541
1308,14.99174901
1309,15.11726609
1310,15.46298766
1311,15.45472409
1312,16.02986978
1313,18.40597277
1314,20.5010286
1315,18.54067176
1316,14.82291133
1317,14.10473887
1318,16.66177184
1319,18.18317601
1320,15.35313186
1321,12.89117927
1322,13.47905154
1323,13.67706689
1324,12.67032001
1325,12.16175956
1326,12.56951202
1327,14.52459299
1328,16.45990426
1329,14.17998016
1330,12.13998133
1331,12.18317978
1332,13.43239406
1333,13.54625453
1334,13.84209589
1335,16.13890909
1336,14.91466456
1337,14.15028546
1338,16.25451803
1339,17.66030774
1340,18.42593833
1341,17.82528649
1342,20.94667989
1343,21.24457137
1344,17.64703117
1345,17.95355511
1346,18.40973633
1347,18.36655089
1348,18.19340911
1349,18.65361811
1350,19.533048
1351,19.37884533
1352,18.71514489
1353,18.60280026
1354,19.07875897
1355,20.03627473
1356,20.27834869
1357,20.46496955
1358,21.17611438
1359,22.29170109
1360,20.53228514
1361,18.95600425
1362,21.11207056
1363,23.54772456
1364,22.34482989
1365,19.56191422
1366,19.28536558
1367,20.27528201
1368,20.76115
1369,20.61141213
1370,19.80446414
1371,19.38539761
1372,19.41995952
1373,18.86689775
1374,17.97187916
1375,17.54506485
1376,17.53214061
1377,18.16544827
1378,18.33184146
1379,20.70548431
1380,22.41231348
1381,19.39854322
1382,17.83243318
1383,18.36960667
1384,18.46246465
1385,18.97176299
1386,18.66674931
1387,18.97074905
1388,19.82445493
1389,18.18007777
1390,17.07167529
1391,16.55876632
1392,15.46837112
1393,14.54533661
1394,14.21481906
1395,14.58102559
1396,13.82471269
1397,13.9441036
1398,14.75480194
1399,14.36761232
1400,13.67376873
1401,14.40205278
1402,15.6806195
1403,14.58465643
1404,11.91187514
1405,10.09029116
1406,8.962356985
1407,8.162872733
1408,7.472478771
1409,8.752401667
1410,10.17431738
1411,9.875606663
1412,9.077510747
1413,8.384401368
1414,9.487267046
1415,9.082271303
1416,7.810860634
1417,10.33567055
1418,10.69936653
1419,12.68947923
1420,12.6944967
1421,11.31182453
1422,11.64723931
1423,12.34016473
1424,12.51026163
1425,11.73928974
1426,13.52999181
1427,15.7224384
1428,14.20931106
1429,12.72717327
1430,14.56943408
1431,13.34541578
1432,10.54964992
1433,9.861779222
1434,10.73329743
1435,11.88790613
1436,13.98790546
1437,15.8083853
1438,15.40972693
1439,15.50083798
1440,15.377747
1441,17.24724188
1442,19.95105442
1443,19.10816092
1444,19.01286174
1445,19.93031071
1446,20.02585829
1447,18.99347162
1448,19.36619338
1449,20.18287147
1450,19.439498
1451,18.82182094
1452,18.88934205
1453,21.69567548
1454,22.84683562
1455,20.3222902
1456,20.02503556
1457,25.52533839
1458,25.74749859
1459,20.07868388
1460,18.81118722
1461,19.28372954
1462,20.31271515
1463,22.05437368
1464,28.45283359
1465,43.00490304
1466,37.33108622
1467,21.83244159
1468,19.32035582
1469,18.56986015
1470,20.8706
1471,22.40860526
1472,20.38911057
1473,19.83790697
1474,22.152205
1475,21.58069147
1476,18.6
1477,19.74449976
1478,21.85389641
1479,20.92168222
1480,18.91254562
1481,19.06078021
1482,18.60522213
1483,17.03818682
1484,16.40735244
1485,17.86746564
1486,18.14239689
1487,18.18484456
1488,17.33580869
1489,16.22290687
1490,18.07261259
1491,17.62698927
1492,14.61093866
1493,14.88290913
1494,16.48017762
1495,17.55745569
1496,17.7694615
1497,16.87478084
1498,15.03516967
1499,11.79956617
1500,11.20918312
1501,12.20414628
1502,13.56584523
1503,14.80049972
1504,14.57583746
1505,14.84313048
1506,14.17731799
1507,14.24920792
1508,13.00919641
1509,11.33410329
1510,11.7965924
1511,12.39792257
1512,12.13467694
1513,11.93719873
1514,13.03054461
1515,12.97236082
1516,11.7683603
1517,13.04091639
1518,14.64766947
1519,15.11265903
1520,16.65870268
1521,16.13986068
1522,14.4245805
1523,14.78147102
1524,16.03887656
1525,15.99655782
1526,14.96591533
1527,17.41534922
1528,18.39559151
1529,16.03233866
1530,17.13288907
1531,18.22338227
1532,17.88413033
1533,18.02698956
1534,19.25691144
1535,20.68678756
1536,19.53755956
1537,18.32204784
1538,18.28015681
1539,18.14584621
1540,18.56327579
1541,19.52813967
1542,20.044659
1543,19.19696244
1544,18.87623633
1545,19.08442222
1546,20.56319089
1547,21.11921469
1548,19.5097857
1549,19.37656725
1550,26.83082674
1551,24.88987449
1552,23.41139129
1553,24.7886633
1554,23.27571637
1555,18.90790162
1556,18.99133057
1557,18.22013791
1558,16.81018548
1559,16.67364261
1560,18.01544021
1561,20.42863467
1562,23.00033665
1563,21.66473613
1564,19.28290948
1565,19.27938316
1566,19.26535271
1567,20.48555372
1568,20.92504433
1569,20.88501658
1570,20.44847816
1571,20.2211356
1572,21.32636133
1573,20.96971664
1574,19.99746111
1575,24.698097
1576,30.92998756
1577,26.75099867
1578,24.44017211
1579,23.47302989
1580,19.15449278
1581,18.40653784
1582,18.59191833
1583,18.45201852
1584,18.06888813
1585,18.39894914
1586,18.24244322
1587,18.13952167
1588,18.289544
1589,18.23909267
1590,17.76595076
1591,17.49756644
1592,17.90167091
1593,19.10399411
1594,19.40396884
1595,18.59350471
1596,17.90466557
1597,16.83956541
1598,17.10741284
1599,16.95943527
1600,16.45851524
1601,18.10876839
1602,18.5497139
1603,17.72791282
1604,16.48756157
1605,14.54282297
1606,13.6544881
1607,15.76006816
1608,17.23829364
1609,12.19714493
1610,12.15438961
1611,14.87602553
1612,17.84857611
1613,17.50621461
1614,15.29210924
1615,16.31218906
1616,17.82177856
1617,15.87580507
1618,14.41653342
1619,15.89787516
1620,16.10769134
1621,16.50874293
1622,16.70872339
1623,16.57447009
1624,16.34404042
1625,16.76696366
1626,19.61351722
1627,21.39513938
1628,19.46232701
1629,18.34548967
1630,19.21551089
1631,20.022281
1632,18.86836131
1633,17.3979663
1634,20.83277572
1635,22.55707729
1636,20.48271511
1637,18.65239144
1638,18.29565367
1639,19.41606489
1640,20.23715356
1641,20.59396833
1642,23.00451056
1643,24.27802465
1644,23.88098162
1645,22.97135735
1646,22.60476672
1647,30.85401954
1648,35.87280418
1649,30.90837931
1650,22.81162344
1651,24.08467128
1652,28.29205348
1653,21.21583102
1654,19.75039233
1655,19.27627588
1656,18.79474688
1657,19.75176472
1658,21.97039194
1659,21.90611075
1660,20.23027
1661,18.46957644
1662,18.84466278
1663,20.68108522
1664,20.93160172
1665,20.24294803
1666,20.29260117
1667,23.20662129
1668,25.56969456
1669,21.76274322
1670,19.8436317
1671,21.93301357
1672,20.92443716
1673,18.14387933
1674,17.83318289
1675,18.27081578
1676,19.23776222
1677,19.99106289
1678,18.67516513
1679,17.33142778
1680,16.3030758
1681,13.87842491
1682,14.08152042
1683,16.01098408
1684,17.75581306
1685,17.47149251
1686,15.0451257
1687,15.66233326
1688,17.17915487
1689,17.15808324
1690,17.49357701
1691,17.72369264
1692,15.50531228
1693,13.59100376
1694,15.69422932
1695,16.87241143
1696,16.35663463
1697,14.91126059
1698,13.39378458
1699,13.52016948
1700,14.00493717
1701,15.7944651
1702,15.83511111
1703,14.73294344
1704,14.40501313
1705,13.22870431
1706,11.9966313
1707,12.419295
1708,14.50741157
1709,15.4615497
1710,16.40436421
1711,15.97908478
1712,14.18994163
1713,12.18103537
1714,10.93081442
1715,14.23581223
1716,14.97737661
1717,13.77501721
1718,14.3782285
1719,15.69636352
1720,18.0107466
1721,17.19534912
1722,15.84288862
1723,17.03836033
1724,17.21361618
1725,16.74029256
1726,17.51335989
1727,18.52501856
1728,19.59064971
1729,19.91741944
1730,21.17798956
1731,23.97982622
1732,21.42584367
1733,18.41153478
1734,19.86011478
1735,19.99198344
1736,19.1911058
1737,19.10328451
1738,26.65753866
1739,26.80631929
1740,20.72157582
1741,22.76803207
1742,24.80595622
1743,22.80201204
1744,20.66767235
1745,20.05385155
1746,19.9836899
1747,21.14195519
1748,24.45393806
1749,24.441791
1750,20.57749828
1751,21.98086207
1752,22.72300717
1753,19.9290641
1754,18.89811812
1755,19.49483444
1756,20.01988678
1757,21.79190851
1758,21.65973274
1759,21.69362728
1760,30.03598804
1761,27.73243011
1762,18.91386778
1763,20.21314767
1764,21.445787
1765,20.60031113
1766,19.33133223
1767,18.87779545
1768,20.05639191
1769,19.67077322
1770,18.35827222
1771,18.57562967
1772,19.81585056
1773,19.53463011
1774,17.64753662
1775,16.34663486
1776,17.25819089
1777,18.82029442
1778,19.05266866
1779,19.29127422
1780,18.808424
1781,18.29485167
1782,18.43720186
1783,18.42081369
1784,18.15322453
1785,17.64979581
1786,16.40339893
1787,15.34354722
1788,15.25540168
1789,15.49911881
1790,16.92288894
1791,21.68922363
1792,26.71621665
1793,22.20176496
1794,16.86071733
1795,15.96494678
1796,14.64655267
1797,13.42860561
1798,14.36462598
1799,15.26826821
1800,15.28092302
1801,15.65629659
1802,15.52048
1803,16.50119419
1804,15.70991198
1805,13.84601232
1806,14.08950324
1807,14.46328101
1808,15.45710606
1809,16.05526774
1810,14.00449884
1811,13.8509722
1812,17.23996749
1813,18.64944636
1814,16.72847611
1815,16.79197253
1816,16.88557204
1817,17.52556204
1818,19.22616158
1819,17.56079069
1820,16.99592401
1821,18.17551907
1822,18.18493844
1823,19.83061489
1824,24.39728422
1825,22.29117
1826,18.76709362
1827,20.13629024
1828,20.10047735
1829,19.12813856
1830,18.81070356
1831,18.92977511
1832,18.78372126
1833,19.08978889
1834,19.24017141
1835,19.28628618
1836,19.37240951
1837,21.28650389
1838,21.6079983
1839,19.49088602
1840,25.62753745
1841,34.96432668
1842,31.8196811
1843,24.64191704
1844,20.66763119
1845,18.76997542
1846,16.70878693
1847,21.54843561
1848,21.33466694
1849,20.57564199
1850,17.97702406
1851,18.39235389
1852,19.12780989
1853,20.48995233
1854,22.80559998
1855,24.56797744
1856,21.43250024
1857,18.68438659
1858,21.13193549
1859,22.56047763
1860,25.66515385
1861,27.07403299
1862,22.18240024
1863,21.08685667
1864,20.43824544
1865,18.74808877
1866,18.85313683
1867,19.40753819
1868,20.9134482
1869,20.63322522
1870,19.85761649
1871,18.7008575
1872,16.68202414
1873,15.90008383
1874,16.1618015
1875,18.7227462
1876,17.79398401
1877,15.42752315
1878,15.37326233
1879,14.30551483
1880,14.94773599
1881,18.41320496
1882,17.77203643
1883,16.55308111
1884,16.12752876
1885,15.67611182
1886,17.6631223
1887,18.59663428
1888,17.33878267
1889,17.6259299
1890,17.15600928
1891,16.08681777
1892,16.06623996
1893,16.37541462
1894,16.03552949
1895,15.85393398
1896,16.42609296
1897,14.90181706
1898,13.0911753
1899,12.63328141
1900,12.24844023
1901,11.59972493
1902,10.94165712
1903,11.42557691
1904,11.90114677
1905,17.43784028
1906,19.28506753
1907,15.84023462
1908,15.03435173
1909,15.57008282
1910,16.74779471
1911,18.64890063
1912,19.3041339
1913,17.3237894
1914,16.95834094
1915,21.97844354
1916,26.34190678
1917,21.73483083
1918,17.38302108
1919,28.54764818
1920,36.86278722
1921,27.56859667
1922,19.32406433
1923,18.83694478
1924,18.29840111
1925,18.71743783
1926,18.69130595
1927,19.0434752
1928,19.77100391
1929,19.35454954
1930,19.53454615
1931,21.40943448
1932,21.9374328
1933,20.12730508
1934,20.13799667
1935,21.32477063
1936,21.46381244
1937,19.9352968
1938,20.52412924
1939,23.18110687
1940,25.843
1941,22.25894063
1942,42.8613
1943,48.53901703
1944,39.93400835
1945,24.96909723
1946,19.05751945
1947,18.08383333
1948,18.02016155
1949,18.92330409
1950,20.35675425
1951,20.39334417
1952,20.01306778
1953,18.75420683
1954,18.67027467
1955,22.24214267
1956,23.67162811
1957,23.02581453
1958,27.4359222
1959,24.13415775
1960,19.10803229
1961,19.42648689
1962,21.38490956
1963,22.28081056
1964,19.78359842
1965,18.010617
1966,19.48740213
1967,22.45681922
1968,20.07275503
1969,15.84868176
1970,14.77711474
1971,16.37156736
1972,18.02113993
1973,18.14477762
1974,16.4046381
1975,15.50426723
1976,16.18452077
1977,15.71327088
1978,14.70383287
1979,14.80914804
1980,16.67038762
1981,17.2061019
1982,17.89272077
1983,18.03886417
1984,16.31858672
1985,15.26027873
1986,15.25110743
1987,15.83321664
1988,16.26583117
1989,15.55274762
1990,14.9554097
1991,14.3544351
1992,13.57361933
1993,13.67930447
1994,12.52116573
1995,12.40479033
1996,14.46031027
1997,13.71446686
1998,12.08574648
1999,13.00950029
2000,13.03068374
2001,12.71984294
2002,13.84221393
2003,13.38426266
2004,11.72826392
2005,11.93204638
2006,14.21710733
2007,15.65491203
2008,14.36164126
2009,14.75034626
2010,17.62729666
2011,18.48474348
2012,17.19314206
2013,16.75464996
2014,16.82607941
2015,16.43229776
2016,16.58415029
2017,17.39250687
2018,18.48440744
2019,19.32059089
2020,19.29165865
2021,19.27189827
2022,18.80678468
2023,18.498748
2024,20.13531778
2025,20.12459134
2026,18.6828628
2027,18.87036267
2028,19.66362002
2029,19.37276053
2030,18.72257199
2031,22.80360617
2032,22.83336196
2033,20.94124254
2034,23.90352347
2035,25.02418977
2036,22.57493261
2037,21.17043378
2038,20.8568895
2039,22.78259881
2040,22.02422019
2041,21.37191371
2042,24.49353417
2043,23.13070372
2044,19.97018136
2045,18.91961698
2046,19.91871805
2047,21.04117926
2048,20.5826913
2049,19.72465029
2050,19.0519092
2051,18.34828822
2052,19.16491143
2053,20.96677014
2054,20.38092609
2055,24.59332787
2056,33.48823381
2057,28.69819053
2058,20.80558387
2059,23.21252583
2060,23.84415633
2061,19.54976238
2062,16.57118412
2063,15.91028727
2064,15.08559681
2065,15.24542806
2066,14.82811498
2067,12.89191751
2068,13.83657187
2069,14.50227817
2070,14.40957402
2071,14.21686446
2072,14.90530337
2073,16.59221835
2074,15.26398527
2075,14.0795307
2076,13.63638174
2077,15.05203266
2078,16.08043761
2079,13.78128402
2080,11.94052143
2081,12.47443331
2082,14.80978811
2083,14.30027123
2084,12.15078221
2085,11.19742731
2086,10.73361461
2087,12.46158907
2088,13.06082313
2089,12.7930162
2090,13.00142056
2091,10.599928
2092,8.549765578
2093,10.30575666
2094,13.81313588
2095,14.27438194
2096,11.2503687
2097,11.32814926
2098,13.33666946
2099,13.94845611
2100,12.8015793
2101,12.34564089
2102,13.82346873
2103,14.55412778
2104,14.91735922
2105,14.47269183
2106,14.55415163
2107,15.30955792
2108,15.69073668
2109,16.22321919
2110,17.66563329
2111,17.48393683
2112,16.84695232
2113,18.08784478
2114,18.25658522
2115,18.40996533
2116,20.21110178
2117,22.70011322
2118,20.43480211
2119,17.26182022
2120,18.69836342
2121,19.03458287
2122,20.15830525
2123,20.662775
2124,18.77336433
2125,18.35682822
2126,18.53968411
2127,17.93680269
2128,18.61576132
2129,22.83091211
2130,22.16239233
2131,19.60957096
2132,21.89854849
2133,26.31255616
2134,29.26008235
2135,26.74230574
2136,21.71200112
2137,18.6
2138,18.6
2139,20.18290577
2140,19.19915241
2141,18.74645881
2142,18.48207932
2143,30.95674627
2144,25.41530455
2145,20.15830785
2146,19.54462748
2147,20.93690137
2148,20.53161667
2149,19.77876469
2150,18.78048733
2151,17.837731
2152,18.84520533
2153,23.239986
2154,25.44608078
2155,20.86037239
2156,19.7691989
2157,20.01786727
2158,18.01080137
2159,18.24927161
2160,18.19326214
2161,17.46324864
2162,16.1619946
2163,15.0103399
2164,13.88270609
2165,13.16389844
2166,14.15058098
2167,16.16669119
2168,16.04624709
2169,12.95841162
2170,11.12949489
2171,11.18140704
2172,12.2924544
2173,14.30161042
2174,17.79240579
2175,15.35704484
2176,11.43542299
2177,15.1398335
2178,15.09579341
2179,12.81556778
2180,12.40548816
2181,16.26982661
2182,15.07830417
2183,9.173683978
2184,10.90255638
2185,12.27218158
2186,12.09929724
2187,12.43657549
2188,11.70156466
2189,9.804833144
2190,9.425953011
2191,10.58943517
2192,12.99296177
2193,15.16114698
2194,19.20522661
2195,19.79029038
2196,15.95467584
2197,15.30501786
2198,15.77004338
2199,15.6889321
2200,15.38193531
2201,15.93103133
2202,15.99100626
2203,17.23421211
2204,22.59100699
2205,24.26541778
2206,22.37237467
2207,21.56028211
2208,17.78801131
2209,16.54235261
2210,18.95146997
2211,19.22205378
2212,18.97229789
2213,19.80738089
2214,19.66819387
2215,19.72963759
2216,21.98564554
2217,24.35273332
2218,23.57129589
2219,21.09412595
2220,19.37091498
2221,19.95939193
2222,21.97179671
2223,22.52608726
2224,21.77301131
2225,22.39873647
2226,22.72739633
2227,21.02684911
2228,18.6
2229,19.54242333
2230,19.96850827
2231,19.34808504
2232,19.13081273
2233,19.20798559
2234,19.10086721
2235,18.90450194
2236,18.8350959
2237,18.91802822
2238,19.68645362
2239,20.25627473
2240,21.71583094
2241,21.83993645
2242,22.41183284
2243,26.92360521
2244,25.98638489
2245,21.23745461
2246,19.78466962
2247,18.63665818
2248,18.70994581
2249,19.29313258
2250,20.07538184
2251,21.07436347
2252,19.95718589
2253,18.86307878
2254,18.56823
2255,18.09227792
2256,17.04743936
2257,17.32253108
2258,17.93416319
2259,16.92084818
2260,16.94834207
2261,17.32970866
2262,17.78309267
2263,17.66985634
2264,15.94569292
2265,15.25779259
2266,16.03687183
2267,15.93275061
2268,15.79089463
2269,16.10141789
2270,16.45297759
2271,16.22106687
2272,14.45588707
2273,13.55895526
2274,15.5852263
2275,15.89232293
2276,14.57765939
2277,14.9436702
2278,15.50146888
2279,14.34100578
2280,15.02698343
2281,15.56694509
2282,14.58231132
2283,13.89756207
2284,11.4510578
2285,11.27485356
2286,11.56646691
2287,11.68581607
2288,15.16306294
2289,17.21006547
2290,20.80759362
2291,21.38099128
2292,17.57008057
2293,17.71776533
2294,17.61063909
2295,15.54076078
2296,13.6530068
2297,14.142585
2298,14.35226776
2299,16.12315867
2300,18.37343689
2301,18.72714711
2302,18.85790089
2303,17.76425747
2304,16.53089244
2305,17.51522331
2306,19.180442
2307,19.30630068
2308,19.2335463
2309,19.25523571
2310,18.51178139
2311,18.92862244
2312,20.52015355
2313,20.05623405
2314,21.60935429
2315,23.20365468
2316,22.02717756
2317,21.81869689
2318,22.45958278
2319,20.65900445
2320,19.19432498
2321,21.3260398
2322,26.78497561
2323,26.80930431
2324,22.53169125
2325,22.694
2326,20.8028536
2327,18.6
2328,18.40388671
2329,20.49601147
2330,24.72625748
2331,23.74756963
2332,22.4252096
2333,22.57175019
2334,19.01128402
2335,21.11313615
2336,20.78790747
2337,19.34008223
2338,19.65631085
2339,21.68064033
2340,21.17925229
2341,19.26892152
2342,18.46939501
2343,18.0841683
2344,18.16678031
2345,18.02821578
2346,18.126297
2347,17.99909744
2348,17.65073589
2349,18.51807489
2350,19.14645908
2351,18.07064547
2352,17.31551128
2353,17.04424547
2354,15.61814938
2355,14.47936671
2356,15.03273127
2357,17.70764898
2358,26.58687156
2359,30.63403411
2360,21.44952499
2361,16.06023393
2362,16.75329073
2363,16.45403319
2364,16.42721388
2365,16.30697735
2366,21.1212422
2367,19.24216674
2368,15.26423316
2369,15.66530529
2370,16.55256051
2371,17.11363376
2372,14.11457631
2373,11.95731704
2374,13.73851307
2375,14.45577292
2376,14.16337141
2377,14.2844854
2378,13.96923922
2379,12.54927636
2380,12.9519416
2381,15.79040564
2382,15.8139162
2383,15.02693193
2384,17.16896086
2385,18.20966162
2386,16.92976004
2387,14.9620715
2388,13.06829842
2389,13.56669378
2390,16.91571286
2391,18.82445754
2392,19.2356617
2393,19.41164204
2394,18.04253519
2395,18.36968047
2396,19.97136756
2397,19.33932482
2398,18.14106178
2399,19.12458156
2400,21.54181756
2401,21.95108283
2402,19.70959564
2403,19.3105239
2404,20.14790456
2405,21.12813104
2406,20.46233743
2407,19.10768389
2408,18.83975767
2409,19.04169898
2410,18.82129648
2411,19.59186632
2412,22.2202797
2413,31.53970639
2414,40.04544952
2415,27.65478571
2416,21.69330919
2417,21.01296808
2418,19.71881212
2419,19.2004521
2420,18.7790753
2421,18.53423835
2422,20.93298294
2423,25.65573091
2424,29.29527754
2425,27.1477676
2426,25.34194587
2427,21.43638333
2428,19.13801416
2429,18.48754458
2430,17.92614818
2431,18.41023457
2432,18.7187388
2433,18.66604621
2434,19.53621991
2435,22.10817488
2436,25.36673862
2437,22.82729322
2438,19.05497636
2439,19.18993155
2440,20.28210172
2441,22.965321
2442,22.97430089
2443,19.70611356
2444,18.17631722
2445,17.74442467
2446,16.78166071
2447,15.76902482
2448,14.95435056
2449,14.70138173
2450,15.31089584
2451,16.42323694
2452,18.8657855
2453,19.83792477
2454,18.18101356
2455,18.38588484
2456,17.37060977
2457,15.35472406
2458,16.03970423
2459,17.24344822
2460,16.61555466
2461,14.78442714
2462,14.26850699
2463,14.01815209
2464,14.79921125
2465,19.01134887
2466,20.15584541
2467,18.19408443
2468,17.27914761
2469,17.09566276
2470,18.06977963
2471,17.94323734
2472,17.01831669
2473,14.91892388
2474,13.02580655
2475,12.31589654
2476,11.96625704
2477,11.64349979
2478,12.11568404
2479,12.85766216
2480,13.63100478
2481,11.3249797
2482,12.85701414
2483,14.9487014
2484,14.73583212
2485,16.51447942
2486,18.50829289
2487,18.63688862
2488,17.1890749
2489,15.56710482
2490,16.66503866
2491,18.31876756
2492,17.86569733
2493,18.17437356
2494,19.067132
2495,19.04875342
2496,18.92001885
2497,18.78970968
2498,18.60519133
2499,19.14911656
2500,19.88474624
2501,20.89095846
2502,20.70109221
2503,19.46928984
2504,20.16692551
2505,20.414259
2506,19.72897038
2507,19.55248802
2508,19.86796552
2509,19.15258024
2510,18.47810149
2511,19.71763879
2512,25.25684887
2513,27.9172852
2514,23.85049422
2515,20.4421036
2516,24.35581245
2517,27.0325396
2518,26.44374614
2519,27.64244223
2520,26.07990047
2521,21.67267552
2522,25.10272331
2523,27.69387536
2524,23.54975376
2525,20.52831658
2526,19.11385651
2527,22.26450465
2528,23.8316237
2529,21.97972084
2530,20.63346767
2531,22.16522212
2532,25.838934
2533,25.06414762
2534,20.57113206
2535,20.0895432
2536,19.12668456
2537,18.52640578
2538,18.60896256
2539,19.22532044
2540,18.67479122
2541,18.42093809
2542,17.43114857
2543,15.73680371
2544,15.10038286
2545,13.94182407
2546,14.78435925
2547,16.95153371
2548,16.71396216
2549,15.66661288
2550,16.37230553
2551,14.52990338
2552,14.47020153
2553,17.95286497
2554,18.10434752
2555,15.6768138
2556,17.44024287
2557,19.82387274
2558,18.18828944
2559,15.5626074
2560,13.89329801
2561,14.0181659
2562,15.21052506
2563,14.58062923
2564,13.43951187
2565,14.18487699
2566,14.38841754
2567,16.00153888
2568,16.30087634
2569,14.52156567
2570,14.39445542
2571,16.43948883
2572,19.81852779
2573,19.98660096
2574,16.17213607
2575,12.96471729
2576,14.13143286
2577,15.13304043
2578,13.06874452
2579,13.8026711
2580,15.41384136
2581,14.58048884
2582,15.05002736
2583,14.63372836
2584,13.33947109
2585,15.88296444
2586,16.80939874
2587,16.10573061
2588,17.5626062
2589,20.32985898
2590,21.27647762
2591,19.6739576
2592,19.10533172
2593,19.67349903
2594,21.84176
2595,21.66078446
2596,19.7176565
2597,19.20346408
2598,18.96619828
2599,18.74828444
2600,18.30206197
2601,18.324739
2602,18.78436559
2603,19.01628074
2604,19.37414173
2605,20.24248436
2606,20.34693684
2607,19.32450441
2608,19.18254211
2609,19.38036393
2610,19.69076328
2611,19.69617379
2612,19.48283533
2613,22.11019225
2614,22.85113462
2615,24.27534256
2616,19.43526
2617,20.13310766
2618,20.902091
2619,20.21902159
2620,20.30626671
2621,22.77772891
2622,24.02023034
2623,20.40558001
2624,21.36814987
2625,22.04244291
2626,21.004966
2627,21.08778778
2628,21.56563862
2629,21.00280627
2630,20.61659637
2631,19.43024154
2632,18.7771279
2633,18.68429113
2634,18.46754149
2635,18.79425282
2636,20.27525711
2637,21.81853056
2638,19.71294078
2639,20.01130478
2640,23.23188756
2641,21.88807822
2642,18.86942789
2643,17.682924
2644,16.98287317
2645,17.15969891
2646,18.42715067
2647,16.41073788
2648,12.7376329
2649,13.23884242
2650,17.31383503
2651,18.24838668
2652,16.75688669
2653,16.86388083
2654,17.62679004
2655,18.05269289
2656,17.46621944
2657,16.51688574
2658,19.01999031
2659,18.96339247
2660,15.27808624
2661,15.44291708
2662,15.25133472
2663,12.54456276
2664,10.88704099
2665,12.0545383
2666,12.98241892
2667,13.1667267
2668,13.82492383
2669,14.28219816
2670,15.44852976
2671,15.38589691
2672,14.03669001
2673,12.40613607
2674,12.07196848
2675,13.04602463
2676,12.26841997
2677,11.70109988
2678,14.44360978
2679,15.2257833
2680,12.16683981
2681,10.69087258
2682,12.07699743
2683,13.57666449
2684,14.0205648
2685,13.95811774
2686,13.21421726
2687,14.55681087
2688,17.80728002
2689,18.69525859
2690,17.65391089
2691,17.56178812
2692,16.74265828
2693,16.65583457
2694,18.34090889
2695,19.07507567
2696,19.10659778
2697,18.95160756
2698,18.73547044
2699,19.60991333
2700,20.31505178
2701,20.23718964
2702,20.14415398
2703,24.31731872
2704,22.27310133
2705,22.21736947
2706,26.50250059
2707,24.6925298
2708,20.70008572
2709,19.85866144
2710,20.02152898
2711,19.20506223
2712,18.62239642
2713,19.42089946
2714,21.90118531
2715,20.08674211
2716,20.10902563
2717,21.17545933
2718,22.82810418
2719,28.23899943
2720,30.02947067
2721,26.7801946
2722,26.16363928
2723,21.73695022
2724,21.13349426
2725,22.00774877
2726,21.91380258
2727,19.84324058
2728,19.85204604
2729,20.47926649
2730,19.56093862
2731,18.58993383
2732,19.15052613
2733,19.06441594
2734,16.85853382
2735,15.06737857
2736,14.94708094
2737,14.21764499
2738,14.32980567
2739,16.70132583
2740,16.39388649
2741,15.77080332
2742,18.36624531
2743,11.17177125
2744,12.68277731
2745,13.6069648
2746,13.81319398
2747,13.86649841
2748,12.56936597
2749,9.848991878
2750,8.607963544
2751,9.410091033
2752,9.788082189
2753,10.88689611
2754,12.08239468
2755,10.37631636
2756,9.129366968
2757,10.36154853
2758,11.14185037
2759,10.94370076
2760,13.00638269
2761,12.97821101
2762,12.13965174
2763,12.87484221
2764,11.89882094
2765,12.47918964
2766,12.55881831
2767,9.5087683
2768,9.707232689
2769,14.42500821
2770,14.82286634
2771,12.67619476
2772,14.5364256
2773,13.56549018
2774,10.84465597
2775,10.72799769
2776,11.91215117
2777,14.4912042
2778,13.75832011
2779,13.69130379
2780,13.96799206
2781,14.00934827
2782,16.47231834
2783,17.23614347
2784,15.98251567
2785,15.54347776
2786,16.97205978
2787,19.94373233
2788,21.75948356
2789,20.44983233
2790,19.15255111
2791,18.40058818
2792,17.88102711
2793,18.39340227
2794,19.67426467
2795,20.86333567
2796,19.62644733
2797,21.02607889
2798,22.51385056
2799,20.68365751
2800,20.63881507
2801,19.90186159
2802,18.734512
2803,18.6
2804,22.29953156
2805,21.20291879
2806,23.12749052
2807,23.36768787
2808,19.47479459
2809,18.67673619
2810,18.6
2811,20.57093149
2812,24.24482186
2813,22.0451269
2814,19.63885674
2815,19.13548633
2816,19.77889644
2817,20.6458873
2818,21.32492622
2819,22.45272056
2820,20.79681911
2821,18.94349338
2822,18.44723766
2823,18.06218305
2824,22.301327
2825,26.2439188
2826,20.44090648
2827,17.11229176
2828,18.02750788
2829,17.0657997
2830,16.04072834
2831,16.50221462
2832,17.19763787
2833,19.15801043
2834,20.93073511
2835,18.57298822
2836,14.43227698
2837,12.70192726
2838,13.13062089
2839,16.07040632
2840,17.66564954
2841,15.07709492
2842,12.79171264
2843,11.00489756
2844,10.17091422
2845,11.37298258
2846,12.90704336
2847,12.05278364
2848,10.88674807
2849,9.640624078
2850,10.65272764
2851,12.77786442
2852,10.98850753
2853,10.03655003
2854,9.227065981
2855,8.330604351
2856,11.55330039
2857,15.62459118
2858,15.50176751
2859,12.3805879
2860,11.4288124
2861,11.63561315
2862,11.5409749
2863,11.65241573
2864,11.90556247
2865,13.0609616
2866,13.85135562
2867,14.80890011
2868,14.03411138
2869,13.51830336
2870,14.09750476
2871,13.73787547
2872,13.69299991
2873,13.40635105
2874,13.5098795
2875,14.51097813
2876,15.10609789
2877,15.95539879
2878,17.29087226
2879,17.61104452
2880,17.56564262
2881,17.10391484
2882,21.47973541
2883,23.87100701
2884,21.41652189
2885,19.18256833
2886,18.55273879
2887,18.73155724
2888,20.37705444
2889,21.19811181
2890,19.84964514
2891,18.45096699
2892,19.09664748
2893,20.87781007
2894,21.26514589
2895,20.63219782
2896,20.68848265
2897,20.63179025
2898,24.69704915
2899,21.52872477
2900,20.40978761
2901,19.80257748
2902,19.35856389
2903,19.35727277
2904,19.84706422
2905,19.84946525
2906,19.72596639
2907,20.75245172
2908,22.19537394
2909,23.51231382
2910,25.12336327
2911,23.95601981
2912,26.44520877
2913,25.9789141
2914,18.9056577
2915,19.55171188
2916,19.80090055
2917,18.90936764
2918,17.92881016
2919,18.53718715
2920,21.62541182
2921,21.47017599
2922,18.80477681
2923,17.55486258
2924,16.02822893
2925,17.2771457
2926,18.23043082
2927,16.73545711
2928,16.42871754
2929,18.19059769
2930,19.48261055
2931,19.27668006
2932,19.6419507
2933,18.48489612
2934,16.11557729
2935,16.13197456
2936,18.43918419
2937,18.50362124
2938,14.63821831
2939,15.06971563
2940,15.89099874
2941,12.77595934
2942,12.39714766
2943,12.87143768
2944,11.46254699
2945,10.99169378
2946,10.51750089
2947,10.12307792
2948,11.72023352
2949,13.93515777
2950,14.41377233
2951,13.0215952
2952,13.2488426
2953,14.31061717
2954,14.24271509
2955,13.68249857
2956,13.03604704
2957,13.43214822
2958,13.59187367
2959,14.17262747
2960,14.37536839
2961,14.27684003
2962,13.97702058
2963,15.1298535
2964,17.35665292
2965,19.24699618
2966,19.22257153
2967,18.94535733
2968,17.61463102
2969,15.97784122
2970,16.66307638
2971,16.50442379
2972,17.03879896
2973,18.4895791
2974,20.09696033
2975,19.6588899
2976,19.3052484
2977,19.71392671
2978,19.09371221
2979,18.68580436
2980,18.41346826
2981,18.57826989
2982,18.80118611
2983,19.34726824
2984,20.10523569
2985,19.64233
2986,19.45590336
2987,20.57496433
2988,20.95382844
2989,20.90582682
2990,20.70409575
2991,19.51952511
2992,20.09125694
2993,21.85916479
2994,18.17190755
2995,17.89796003
2996,18.4799586
2997,20.85715954
2998,52.37437273
2999,54.185385
3000,22.65264428
3001,22.23977435
3002,30.91493165
3003,32.0087685
3004,21.39653897
3005,31.57056088
3006,32.23875107
3007,20.18140015
3008,17.82901212
3009,18.34465627
3010,18.83695627
3011,19.27327385
3012,19.427229
3013,18.88218707
3014,18.63797619
3015,18.90720527
3016,18.22824866
3017,18.75502067
3018,20.29078388
3019,21.23786417
3020,22.50899582
3021,21.829989
3022,18.36736691
3023,16.82921378
3024,18.79725576
3025,20.66095062
3026,21.11778662
3027,20.15515932
3028,18.49322116
3029,16.32654272
3030,16.07323983
3031,19.09307606
3032,19.80502344
3033,18.187476
3034,16.34326056
3035,15.64489889
3036,18.05528978
3037,19.43293833
3038,18.08110826
3039,15.56362751
3040,13.84206408
3041,14.83464005
3042,15.80472114
3043,16.2683514
3044,15.71218502
3045,14.11336522
3046,14.26715913
3047,17.00780832
3048,17.45328314
3049,15.73745581
3050,15.02434293
3051,14.02757707
3052,14.60937004
3053,15.34804401
3054,16.46465047
3055,19.15750178
3056,20.85000733
3057,19.20998261
3058,16.56484272
3059,18.1850948
3060,19.6534606
3061,18.69421427
3062,18.32594259
3063,18.59824246
3064,19.75438601
3065,20.04020094
3066,18.87710522
3067,18.11974126
3068,17.84816867
3069,18.41096252
3070,19.15079856
3071,18.42786244
3072,18.25131978
3073,19.59753178
3074,20.28960222
3075,19.34564562
3076,18.73009363
3077,19.61354153
3078,19.65138556
3079,20.0736468
3080,25.84655063
3081,23.41080531
3082,20.80594844
3083,23.18498778
3084,21.529385
3085,19.26528816
3086,21.07647728
3087,25.9478671
3088,25.21952312
3089,21.49310398
3090,20.65217278
3091,18.55951333
3092,18.3167
3093,18.3167
3094,24.73426749
3095,24.17308491
3096,21.65705719
3097,21.10661031
3098,23.07339801
3099,22.17221866
3100,20.59433151
3101,28.75315834
3102,33.98462277
3103,25.56773188
3104,29.00996782
3105,36.29618226
3106,21.523718
3107,19.72222802
3108,21.56332874
3109,21.32730354
3110,20.85954464
3111,20.12555762
3112,18.98632265
3113,18.71484354
3114,18.30434067
3115,18.67579556
3116,19.98717044
3117,19.78576344
3118,17.66092237
3119,15.90634042
3120,16.60069233
3121,16.76089602
3122,16.47602619
3123,17.14832967
3124,17.574303
3125,18.48387347
3126,18.35460577
3127,17.38316747
3128,16.93805671
3129,17.123942
3130,17.12448306
3131,16.41954328
3132,15.77358811
3133,15.56654263
3134,15.68086572
3135,15.57825142
3136,15.96895011
3137,16.8018598
3138,14.68080907
3139,13.61347629
3140,15.6351291
3141,15.70098316
3142,15.98196884
3143,17.09518163
3144,15.49432955
3145,16.07903535
3146,17.29480164
3147,13.67997846
3148,12.73252247
3149,14.61343558
3150,15.86731322
3151,15.34283416
3152,14.33386412
3153,17.96065218
3154,22.3840291
3155,21.68094129
3156,19.30692086
3157,18.97906206
3158,20.87395298
3159,18.59992293
3160,14.26782126
3161,13.72654067
3162,14.2512597
3163,16.72794298
3164,18.52982828
3165,18.49393728
3166,18.72978789
3167,20.27342569
3168,19.66981253
3169,19.8761151
3170,22.91737103
3171,23.23590054
3172,21.46678822
3173,19.76882511
3174,19.40475289
3175,19.59309127
3176,20.12597183
3177,20.76794134
3178,22.43351634
3179,22.52155044
3180,21.8411324
3181,20.71668045
3182,19.01608226
3183,19.27855003
3184,19.48230932
3185,18.82841111
3186,18.6523062
3187,20.68127133
3188,22.19214167
3189,21.18776981
3190,22.79893518
3191,18.6
3192,19.01343396
3193,20.61083538
3194,22.06720311
3195,20.73878944
3196,20.48244626
3197,22.75357089
3198,19.53768557
3199,18.69617707
3200,18.80391211
3201,19.74229818
3202,20.16325675
3203,20.49590345
3204,20.74755917
3205,20.5586708
3206,20.27705585
3207,19.48369773
3208,19.63040131
3209,19.78655882
3210,19.33039257
3211,18.85090322
3212,18.67716444
3213,17.89075878
3214,17.95286133
3215,19.00077367
3216,19.41966633
3217,20.81632023
3218,20.00405917
3219,19.25114589
3220,19.57304939
3221,17.47064411
3222,17.97011499
3223,20.17736939
3224,21.0216197
3225,19.65134244
3226,17.51431498
3227,16.96590733
3228,16.80220416
3229,15.53410072
3230,13.57022273
3231,15.38436378
3232,18.02700094
3233,19.16214133
3234,19.64674411
3235,19.34498089
3236,17.98930917
3237,16.45511133
3238,16.25024487
3239,15.63189763
3240,13.53815262
3241,14.19091329
3242,16.44804907
3243,14.44529382
3244,12.21096877
3245,13.57789296
3246,13.97178361
3247,13.19650978
3248,15.3202255
3249,17.3162578
3250,18.69130756
3251,20.70126004
3252,19.08363851
3253,16.65107002
3254,15.71224477
3255,15.87525697
3256,15.15362104
3257,15.5731184
3258,16.94546421
3259,16.94050955
3260,18.63192189
3261,23.56922622
3262,23.78309
3263,20.62508338
3264,21.60770006
3265,20.80035559
3266,20.62686127
3267,20.08961596
3268,19.11532249
3269,19.9881951
3270,19.56459804
3271,17.62036606
3272,17.01578931
3273,19.29251187
3274,19.89664359
3275,20.03727272
3276,19.36080658
3277,19.75352027
3278,23.58927054
3279,21.63916994
3280,18.64918111
3281,19.16628
3282,21.34700005
3283,20.97938117
3284,18.95892346
3285,18.6
3286,18.78180008
3287,20.97229883
3288,20.78647099
3289,20.58744451
3290,21.52141789
3291,21.13832444
3292,21.82496167
3293,24.08533767
3294,24.06964378
3295,22.66338522
3296,20.59912392
3297,19.58260517
3298,20.65147477
3299,20.78333188
3300,19.75755295
3301,20.91818994
3302,21.97882244
3303,19.74348744
3304,18.39132122
3305,18.47806446
3306,19.92473639
3307,21.90383131
3308,21.16482013
3309,19.34873713
3310,19.19742011
3311,17.97131847
3312,16.57679027
3313,17.86191989
3314,18.64176518
3315,17.93672947
3316,17.27208144
3317,17.53712631
3318,18.40243067
3319,17.9161192
3320,16.87235211
3321,16.54790436
3322,16.48454811
3323,20.39064
3324,20.95702806
3325,16.18563361
3326,15.78255133
3327,17.04418528
3328,18.55203656
3329,18.44634122
3330,16.36458889
3331,16.33001067
3332,16.72563613
3333,15.81821604
3334,16.57464937
3335,17.76796862
3336,21.06193544
3337,20.81122829
3338,15.83083173
3339,15.16011691
3340,14.73121914
3341,13.39285662
3342,12.62271058
3343,12.86207691
3344,14.96601431
3345,15.18180288
3346,15.51513407
3347,15.94666976
3348,13.51972417
3349,14.33750447
3350,16.341328
3351,15.61030874
3352,15.7500255
3353,13.83968282
3354,12.50738269
3355,14.77299576
3356,15.43314992
3357,15.19208721
3358,15.57787128
3359,17.17810724
3360,16.47941416
3361,14.53213433
3362,15.99335596
3363,18.28666505
3364,19.40178265
3365,18.59731463
3366,17.26583999
3367,17.66475379
3368,18.19659309
3369,18.76312621
3370,19.54609353
3371,20.57354746
3372,20.14033907
3373,18.73764257
3374,19.63010056
3375,19.82919211
3376,18.70562522
3377,19.67899389
3378,22.205764
3379,22.44219922
3380,22.7125367
3381,25.08876415
3382,25.25779781
3383,24.14352494
3384,19.73054025
3385,19.98901253
3386,20.97828331
3387,21.49147785
3388,19.48094022
3389,19.78518356
3390,29.28401667
3391,29.38127691
3392,23.82959342
3393,19.18196001
3394,18.41544269
3395,18.1764214
3396,19.18865372
3397,19.96913956
3398,19.25008144
3399,18.81846633
3400,19.48199033
3401,19.50169272
3402,18.93280198
3403,18.87104037
3404,18.59885433
3405,17.81343583
3406,16.39845346
3407,14.60642121
3408,16.01322704
3409,16.93458734
3410,16.72364055
3411,17.40884467
3412,16.30469316
3413,14.52437097
3414,12.11973077
3415,13.40665828
3416,15.96547253
3417,14.67871152
3418,12.20230589
3419,13.25271009
3420,16.42858713
3421,18.08126822
3422,16.84991067
3423,13.49209714
3424,11.33019688
3425,11.91347738
3426,10.94220169
3427,9.684534144
3428,9.160354078
3429,10.13963726
3430,10.8055458
3431,9.241589133
3432,10.57170723
3433,12.40137618
3434,13.01088973
3435,12.90714582
3436,14.11353728
3437,16.89030539
3438,16.73525146
3439,13.90698611
3440,12.93780165
3441,12.49867687
3442,13.70351631
3443,16.38498857
3444,15.45352807
3445,13.06760529
3446,12.39248648
3447,12.6106891
3448,13.65593241
3449,13.03947777
3450,12.30910236
3451,13.91769676
3452,14.34581113
3453,15.90237401
3454,17.73555962
3455,16.05137178
3456,15.70792156
3457,17.61788423
3458,18.46555139
3459,18.10329734
3460,18.41506407
3461,19.06446516
3462,18.43641052
3463,17.80583652
3464,18.70024124
3465,19.98323
3466,19.057948
3467,18.73772256
3468,18.83220978
3469,19.59989756
3470,21.07916357
3471,20.7685436
3472,21.149995
3473,21.06139243
3474,19.85283844
3475,19.76652879
3476,21.31207337
3477,22.92167979
3478,19.907
3479,18.6
3480,19.22507333
3481,23.473566
3482,23.65375312
3483,25.20371969
3484,40.34460672
3485,25.39038043
3486,20.55269795
3487,21.31719406
3488,22.24306222
3489,20.75332922
3490,18.70934522
3491,19.81111752
3492,23.03505345
3493,25.8073841
3494,21.8593045
3495,21.04398208
3496,28.15477502
3497,30.34688848
3498,20.01125842
3499,19.24921248
3500,19.49452178
3501,19.27385039
3502,16.60352898
3503,15.12986701
3504,13.76516364
3505,12.99697093
3506,13.75530303
3507,16.24609683
3508,18.296968
3509,15.7107858
3510,13.75044947
3511,12.45833487
3512,10.95852133
3513,12.64816808
3514,12.13572266
3515,10.95374219
3516,10.4939903
3517,10.62277628
3518,12.04209352
3519,13.0163088
3520,13.65871012
3521,13.62675587
3522,13.6041632
3523,14.13823034
3524,14.22947406
3525,16.38342857
3526,15.59390191
3527,10.6888592
3528,9.235935267
3529,11.90722212
3530,14.80512969
3531,15.52215881
3532,14.57253001
3533,14.85746733
3534,14.81876165
3535,12.98329846
3536,13.79064033
3537,17.5369587
3538,17.59699641
3539,17.78762864
3540,18.75931229
3541,15.48136598
3542,15.53950722
3543,16.54168457
3544,15.09188057
3545,15.16853184
3546,16.50544798
3547,16.79478379
3548,17.14578271
3549,19.06999256
3550,19.92433411
3551,18.77030577
3552,17.63525753
3553,17.65947286
3554,19.58145344
3555,24.91702517
3556,24.6195996
3557,20.60649689
3558,18.91339022
3559,18.89430974
3560,19.2887802
3561,20.11573862
3562,18.85381519
3563,18.56683306
3564,20.26409774
3565,20.65294866
3566,19.68392174
3567,20.26759321
3568,21.16026548
3569,19.84062754
3570,18.6
3571,26.98636235
3572,34.38938095
3573,31.85463619
3574,23.30169459
3575,26.64530149
3576,27.24166295
3577,21.82367321
3578,19.01174192
3579,18.02862919
3580,19.40525202
3581,20.58740486
3582,19.80276385
3583,18.97932236
3584,22.31262318
3585,23.79491132
3586,25.21544728
3587,24.57992856
3588,20.66675644
3589,19.06301644
3590,19.24195222
3591,20.28259356
3592,21.27109111
3593,28.53446301
3594,29.86028345
3595,20.77425208
3596,19.72544811
3597,21.93952662
3598,24.84554667
3599,18.80290434
3600,17.47322068
3601,16.74269904
3602,16.88199055
3603,17.16744038
3604,17.40651866
3605,17.41060179
3606,17.03827948
3607,16.80688901
3608,16.68914914
3609,16.35682564
3610,15.73532218
3611,15.51455649
3612,15.4586872
3613,15.31384345
3614,15.5253494
3615,15.41201847
3616,14.71459626
3617,14.51321854
3618,15.18245653
3619,15.06188127
3620,14.7697719
3621,15.23817723
3622,16.02222399
3623,15.88465752
3624,15.98677867
3625,14.8530241
3626,14.08443743
3627,14.46519706
3628,14.43202485
3629,14.63231375
3630,14.62339925
3631,14.39872492
3632,14.45621195
3633,14.42866749
3634,14.49486054
3635,15.20264179
3636,16.39531599
3637,17.31727305
3638,16.40663642
3639,15.78704639
3640,16.29546581
3641,15.94880337
3642,16.03228743
3643,17.28208964
3644,18.05599181
3645,18.68665602
3646,19.34176994
3647,18.78404474
3648,23.23948205
3649,23.31873669
3650,21.87486491
3651,20.53219414
3652,20.11876545
3653,20.117608
3654,18.97475689
3655,19.06954002
3656,18.92641977
3657,18.86862671
3658,19.48996053
3659,19.56405116
3660,20.06923583
3661,20.29941461
3662,21.50535598
3663,24.97124562
3664,23.25815214
3665,20.99494457
3666,20.17769673
3667,19.29473217
3668,26.16053642
3669,24.79543991
3670,23.36200153
3671,21.19644585
3672,17.8029
3673,18.31335302
3674,18.94415043
3675,19.04551376
3676,21.16050188
3677,22.65872004
3678,18.654276
3679,18.46092801
3680,18.83813389
3681,18.34490293
3682,18.75882289
3683,20.95862219
3684,27.19748621
3685,26.60244135
3686,20.72756226
3687,18.88048952
3688,18.18695833
3689,18.44675389
3690,19.82736589
3691,20.42717322
3692,19.26188789
3693,18.03592491
3694,17.69958267
3695,17.79955487
3696,18.62580796
3697,18.13228706
3698,16.58372658
3699,17.37572207
3700,18.83925563
3701,18.40157646
3702,17.01001887
3703,16.86457071
3704,15.86051302
3705,14.04326738
3706,12.27524742
3707,12.42540627
3708,12.88111664
3709,14.50349362
3710,16.70130653
3711,16.64823161
3712,16.99912979
3713,18.69431594
3714,20.36775011
3715,19.62312233
3716,16.98981942
3717,14.11589106
3718,11.19659005
3719,13.79842106
3720,15.32977252
3721,13.79942686
3722,15.67027819
3723,15.86665602
3724,13.1100829
3725,12.38015882
3726,14.40527256
3727,14.23393644
3728,14.97409588
3729,15.5853486
3730,14.79586939
3731,18.05331977
3732,19.19049507
3733,18.97233763
3734,19.5177697
3735,18.46181073
3736,17.36019788
3737,17.05068088
3738,18.07801173
3739,18.51612333
3740,19.10687511
3741,18.99476235
3742,18.61868007
3743,18.2448067
3744,19.70035303
3745,20.2307154
3746,19.284724
3747,19.36888373
3748,19.25400803
3749,20.82576453
3750,22.53201511
3751,21.7112924
3752,20.92596396
3753,21.22550565
3754,20.30983954
3755,20.54558864
3756,21.50154071
3757,20.01760393
3758,19.62385356
3759,19.65160571
3760,19.06904544
3761,19.04914825
3762,22.18067675
3763,22.71193831
3764,21.45866561
3765,19.12726898
3766,22.80932712
3767,18.6
3768,19.5328938
3769,23.07642014
3770,22.01037414
3771,19.62227147
3772,20.46126039
3773,22.35855828
3774,26.26005441
3775,30.77857062
3776,42.31378333
3777,23.12106472
3778,22.1195341
3779,23.86315332
3780,23.03070527
3781,23.53963089
3782,22.78707835
3783,20.00444621
3784,20.57686534
3785,19.62051545
3786,17.6786477
3787,17.5781114
3788,18.7117659
3789,20.05709022
3790,19.8833615
3791,16.68179406
3792,16.23050956
3793,18.56263688
3794,16.35546278
3795,15.50977414
3796,18.09677757
3797,18.36104673
3798,16.62541421
3799,18.12253891
3800,23.36904833
3801,18.87596201
3802,12.81144044
3803,15.13108741
3804,14.48703503
3805,13.26700518
3806,14.02259516
3807,13.31967482
3808,11.17765209
3809,12.77844473
3810,16.11174131
3811,13.14225178
3812,11.87855359
3813,15.06017698
3814,17.53918704
3815,16.95624445
3816,15.47958513
3817,15.58312
3818,16.29211933
3819,16.7575646
3820,15.55708233
3821,13.32254017
3822,12.56211965
3823,14.48681639
3824,15.76549796
3825,16.94213744
3826,17.32464446
3827,17.00493732
3828,16.78071866
3829,16.048304
3830,15.89890887
3831,14.16780633
3832,11.33227567
3833,11.29642601
3834,15.20855237
3835,19.14279104
3836,19.8103698
3837,18.36578211
3838,17.47165111
3839,17.97758278
3840,18.41943561
3841,20.49121254
3842,20.13686021
3843,17.57710644
3844,17.16329631
3845,18.32894681
3846,18.21575951
3847,18.50336644
3848,18.99887278
3849,18.52297163
3850,18.93485435
3851,22.03699842
3852,23.2055159
3853,23.86723263
3854,22.32599767
3855,19.30543128
3856,17.66000544
3857,17.71414948
3858,17.6133
3859,22.3040522
3860,26.7891044
3861,30.82676496
3862,28.7207334
3863,21.32970797
3864,25.7608124
3865,22.23945393
3866,20.93361456
3867,21.52926856
3868,22.49564908
3869,21.23134972
3870,19.92583736
3871,19.8026147
3872,18.84570802
3873,19.51725631
3874,20.37702007
3875,20.05223902
3876,19.96092326
3877,20.47484775
3878,19.81709217
3879,20.06892605
3880,19.9114257
3881,19.05816132
3882,18.58273269
3883,18.39908033
3884,18.62325572
3885,18.51537789
3886,17.90052107
3887,17.20020963
3888,15.52432703
3889,17.15757967
3890,20.86059786
3891,24.39396533
3892,20.54266982
3893,16.82676944
3894,16.87525028
3895,16.30518479
3896,16.91316727
3897,18.90997952
3898,20.40920182
3899,17.60274653
3900,15.7299227
3901,17.23365656
3902,18.94592881
3903,17.22889179
3904,15.88657684
3905,17.73573206
3906,18.18401226
3907,17.4167987
3908,15.72075789
3909,15.72123373
3910,16.57957872
3911,16.71443489
3912,18.31758715
3913,15.97788539
3914,11.87436908
3915,12.46758298
3916,14.07923429
3917,12.89661018
3918,11.71081803
3919,13.57340096
3920,14.30199504
3921,13.9040494
3922,14.98586352
3923,15.87710124
3924,15.76393779
3925,15.85422283
3926,14.97552799
3927,13.97710631
3928,16.65120097
3929,17.96095292
3930,17.0264968
3931,15.73482202
3932,15.8139697
3933,17.915264
3934,19.18961956
3935,19.2846373
3936,18.4662548
3937,18.72929124
3938,19.91189253
3939,19.28036717
3940,18.30935211
3941,18.92831972
3942,19.61693611
3943,20.11877714
3944,20.42201094
3945,20.48371149
3946,19.59695467
3947,19.39694283
3948,19.05276293
3949,20.485635
3950,22.23416128
3951,21.62313066
3952,22.08238233
3953,21.10928385
3954,20.78849809
3955,22.85903155
3956,21.5903926
3957,19.43591619
3958,18.6
3959,24.09888205
3960,18.6
3961,18.6
3962,18.79453381
3963,23.36182712
3964,23.17105931
3965,23.96301225
3966,26.23761926
3967,22.20337659
3968,19.84214492
3969,18.53626733
3970,17.96581413
3971,18.41054399
3972,25.62050022
3973,26.20954842
3974,20.15149419
3975,20.42630654
3976,21.89144383
3977,20.92366004
3978,19.76042297
3979,18.44987966
3980,18.13436632
3981,18.28931244
3982,19.45365844
3983,18.51394602
3984,14.93328272
3985,14.92597903
3986,16.46420692
3987,17.86335108
3988,22.95613986
3989,25.00748224
3990,20.40490645
3991,16.57941638
3992,16.11789689
3993,15.51209626
3994,12.88675834
3995,13.21503788
3996,15.5119882
3997,15.19975805
3998,15.45862933
3999,15.31349278
4000,11.73196567
4001,11.91955104
4002,15.12800818
4003,15.34905769
4004,14.82863374
4005,15.69239158
4006,15.16240539
4007,13.12490076
4008,15.71967157
4009,20.2345188
4010,17.58835253
4011,13.2623355
4012,11.76800767
4013,18.36321156
4014,20.412784
4015,15.68142209
4016,13.97779909
4017,13.29930734
4018,14.3798092
4019,13.45408966
4020,14.40682967
4021,15.13725303
4022,15.14685724
4023,15.72858781
4024,12.49434027
4025,12.21000318
4026,15.00463751
4027,15.14754028
4028,15.26412729
4029,16.03074429
4030,18.88020677
4031,20.847609
4032,17.73459994
4033,15.96882538
4034,17.54266278
4035,18.21371256
4036,18.59377267
4037,18.89280328
4038,17.32844902
4039,16.97819694
4040,19.33018627
4041,19.49063389
4042,17.99095528
4043,18.32173498
4044,17.28612143
4045,17.02708357
4046,18.31219296
4047,18.49422189
4048,19.85790711
4049,20.80736655
4050,23.58195303
4051,40.81760989
4052,41.01010914
4053,26.90340442
4054,26.12856621
4055,29.85938455
4056,29.06336667
4057,27.42314873
4058,26.36106908
4059,19.72995477
4060,18.79743059
4061,19.02932478
4062,18.9123008
4063,18.97379152
4064,22.24879652
4065,21.32253191
4066,21.13309861
4067,21.61923762
4068,21.43062961
4069,20.42208235
4070,18.84747392
4071,19.45628134
4072,20.14405717
4073,21.57729213
4074,21.51725426
4075,19.11287717
4076,19.0868827
4077,17.87172061
4078,15.01802026
4079,14.58891992
4080,14.92373013
4081,13.92134463
4082,14.46762331
4083,15.55686429
4084,15.23578716
4085,15.23842898
4086,15.91531763
4087,14.72832624
4088,12.32697538
4089,11.80888978
4090,12.0983198
4091,12.75043357
4092,14.64387913
4093,14.2235322
4094,12.61499367
4095,11.3316516
4096,11.57490445
4097,11.83644619
4098,10.99705329
4099,10.1634463
4100,9.539651734
4101,8.936621436
4102,9.633925522
4103,11.62213562
4104,11.24119113
4105,10.39767888
4106,10.77347425
4107,13.35269473
4108,13.67273119
4109,11.7450905
4110,12.97996545
4111,13.04419582
4112,13.09853918
4113,14.85990708
4114,16.45960109
4115,15.7731237
4116,14.50230573
4117,15.42058584
4118,13.79813314
4119,12.06371888
4120,10.80064344
4121,10.74707059
4122,13.89912284
4123,14.54721522
4124,14.39554597
4125,16.28111431
4126,15.86158356
4127,15.39921078
4128,17.03468971
4129,18.54311978
4130,19.33514802
4131,19.005066
4132,18.08808433
4133,17.52715556
4134,18.36327878
4135,16.0115527
4136,16.08649806
4137,18.5651508
4138,18.32774064
4139,18.14719347
4140,19.255007
4141,19.41816464
4142,18.361275
4143,18.78033689
4144,18.67270593
4145,18.76716403
4146,22.43709619
4147,21.60746026
4148,20.22340422
4149,23.31403582
4150,24.69600838
4151,25.59975007
4152,24.61667198
4153,19.98997052
4154,18.19418699
4155,17.52675831
4156,19.51466164
4157,19.9993153
4158,17.97949591
4159,23.74607923
4160,21.2990705
4161,19.35417379
4162,19.34768673
4163,19.19623673
4164,19.61087991
4165,21.23555671
4166,23.70069209
4167,27.61223501
4168,40.93313934
4169,34.73088333
4170,18.13574133
4171,18.19699982
4172,19.34345674
4173,17.50885019
4174,15.33832186
4175,14.92709431
4176,14.07765997
4177,15.68683557
4178,16.97976858
4179,14.79444054
4180,12.63902875
4181,12.87399777
4182,13.5222466
4183,13.8281816
4184,14.41730073
4185,14.6859149
4186,15.03674621
4187,14.36136875
4188,13.68459488
4189,13.11159841
4190,12.31337575
4191,11.33747677
4192,10.28901893
4193,10.85860094
4194,11.8287155
4195,14.8068532
4196,14.89079105
4197,12.49672166
4198,14.19742845
4199,16.01207502
4200,14.02687825
4201,11.6984754
4202,12.28103656
4203,12.66752414
4204,10.84151031
4205,9.815354133
4206,12.15498092
4207,16.50222541
4208,16.12824578
4209,15.56309022
4210,17.11610576
4211,18.86245101
4212,19.99905819
4213,19.07306611
4214,17.67806968
4215,18.48590446
4216,17.54921652
4217,14.31995466
4218,15.11785157
4219,15.56123533
4220,16.92945468
4221,18.74953253
4222,19.14229717
4223,24.51741467
4224,25.70925559
4225,21.81108444
4226,20.307287
4227,18.66264078
4228,18.06191233
4229,18.42968849
4230,18.41240717
4231,17.63375585
4232,19.07906229
4233,21.02117189
4234,22.84574137
4235,26.55824468
4236,24.19038755
4237,19.07165431
4238,18.62988281
4239,20.17374949
4240,21.53253695
4241,21.83117783
4242,22.31061079
4243,19.98925072
4244,18.6
4245,18.6
4246,31.64156
4247,31.09110209
4248,30.66511645
4249,33.06648829
4250,26.01531425
4251,20.78020295
4252,18.54464748
4253,17.49598885
4254,18.85361
4255,19.82067105
4256,20.44686422
4257,21.487093
4258,21.74200125
4259,22.84248691
4260,20.64680346
4261,18.98397431
4262,20.29547236
4263,20.08193746
4264,19.02791637
4265,21.27030849
4266,24.52194542
4267,22.6030226
4268,21.19008203
4269,24.38199971
4270,26.00404902
4271,23.00754744
4272,19.62125683
4273,18.3155338
4274,17.60432608
4275,18.07256178
4276,19.86450044
4277,19.18443149
4278,17.07452104
4279,17.63487704
4280,19.09083562
4281,19.21827734
4282,18.02328395
4283,18.59948564
4284,20.09314796
4285,18.78321183
4286,16.17907261
4287,16.89056256
4288,18.2024
4289,17.34396208
4290,16.14317167
4291,15.71345426
4292,16.88174034
4293,19.62320402
4294,21.22181173
4295,18.27053341
4296,16.24177832
4297,17.23618686
4298,19.37306483
4299,19.66713365
4300,17.52186557
4301,18.17104148
4302,20.46706855
4303,17.05847455
4304,13.72271148
4305,15.2611541
4306,17.90271044
4307,18.31701693
4308,20.22125667
4309,22.31415343
4310,20.90122176
4311,19.27011158
4312,18.32569777
4313,16.43621487
4314,16.44537526
4315,18.32563742
4316,18.54374552
4317,19.27945665
4318,22.13766133
4319,21.86637059
4320,18.79265895
4321,18.65866233
4322,18.94606667
4323,18.65899062
4324,18.23392514
4325,19.22040531
4326,19.759924
4327,19.50183597
4328,18.70901926
4329,18.15798247
4330,19.51228093
4331,22.69674503
4332,23.64658539
4333,21.85630967
4334,20.1823897
4335,19.54208936
4336,21.96780197
4337,21.52016387
4338,22.25785553
4339,22.52663375
4340,20.01179077
4341,21.9077383
4342,23.07229556
4343,22.92060444
4344,26.7334
4345,23.86928129
4346,19.95581188
4347,20.00608932
4348,19.26564051
4349,18.47417758
4350,19.10614171
4351,21.01406808
4352,22.60698588
4353,20.05601688
4354,18.28468544
4355,19.38961139
4356,20.57942022
4357,20.11353309
4358,18.77687573
4359,19.96133746
4360,21.68874726
4361,19.72235686
4362,18.53481765
4363,18.14583246
4364,17.98925998
4365,17.50995931
4366,17.72753505
4367,18.36580047
4368,18.07874009
4369,16.651576
4370,18.48832108
4371,19.78296807
4372,18.6239522
4373,18.91951328
4374,19.85748263
4375,18.99241702
4376,15.90271388
4377,13.31545263
4378,15.49750795
4379,16.05118595
4380,15.47406145
4381,16.47443759
4382,16.66287981
4383,17.01303293
4384,16.75482863
4385,15.44977452
4386,14.42389228
4387,15.40437687
4388,16.54576438
4389,16.47502373
4390,14.45190259
4391,11.95725342
4392,14.09217612
4393,16.6176743
4394,16.3286563
4395,14.93672939
4396,13.65974329
4397,12.91329639
4398,12.9499717
4399,14.4349832
4400,15.71944734
4401,17.73584137
4402,17.64614346
4403,14.19836383
4404,12.42580911
4405,12.81102696
4406,14.56380686
4407,17.90092806
4408,19.65604836
4409,18.67302017
4410,16.16629843
4411,15.3640473
4412,16.4317499
4413,18.10381111
4414,20.02164778
4415,18.81984831
4416,17.57621985
4417,15.4341481
4418,14.55489615
4419,17.20183241
4420,17.70704497
4421,18.283985
4422,17.71435023
4423,17.19379879
4424,18.37260048
4425,18.64778763
4426,18.73231177
4427,18.95838504
4428,18.82454475
4429,17.25141789
4430,17.62938039
4431,18.34909655
4432,18.18884249
4433,18.34253329
4434,20.84362133
4435,25.44818431
4436,39.10772981
4437,30.903668
4438,21.35467851
4439,24.35152149
4440,22.75144326
4441,18.63511222
4442,19.53636
4443,19.75512381
4444,18.65983688
4445,17.68305253
4446,16.68082833
4447,17.3781
4448,18.1828235
4449,18.38862496
4450,18.9319112
4451,19.33038796
4452,20.53071747
4453,21.89432908
4454,21.25965921
4455,19.32239274
4456,20.32257535
4457,20.25548415
4458,18.80379028
4459,19.13241041
4460,19.41903612
4461,18.60462926
4462,18.36088982
4463,18.29718152
4464,17.28408348
4465,17.90206
4466,19.81176215
4467,19.99948921
4468,17.26848391
4469,15.47530953
4470,14.6336971
4471,15.40765507
4472,17.20584547
4473,17.9841758
4474,17.85522561
4475,16.44635883
4476,17.54271226
4477,17.82425858
4478,16.69791689
4479,16.9095831
4480,16.76769324
4481,17.8045317
4482,17.50921435
4483,15.05580705
4484,14.80533011
4485,14.43785128
4486,14.50057846
4487,15.33768333
4488,15.23664961
4489,13.28969925
4490,11.44601572
4491,10.9935663
4492,11.05708066
4493,11.49418622
4494,12.91438071
4495,15.86447132
4496,16.21654226
4497,16.13126756
4498,16.67440127
4499,16.17756308
4500,16.74666452
4501,17.58807433
4502,16.47740727
4503,13.81146997
4504,13.71082964
4505,15.10422053
4506,14.26683592
4507,13.60852514
4508,15.65224706
4509,17.20667602
4510,18.74898622
4511,21.95805296
4512,22.95554361
4513,19.5576525
4514,18.20064429
4515,18.38458508
4516,17.86331656
4517,19.85293233
4518,19.99052502
4519,18.31946354
4520,18.35499621
4521,19.16896707
4522,19.79954268
4523,19.70885302
4524,19.55911122
4525,21.28801773
4526,23.03043355
4527,23.41488933
4528,21.09056078
4529,20.06364022
4530,21.04203852
4531,21.78852896
4532,25.83440691
4533,25.92211597
4534,20.32900496
4535,20.46298513
4536,19.41070017
4537,19.04011514
4538,19.45935314
4539,19.43430218
4540,18.74774693
4541,18.48090767
4542,18.6
4543,18.68321255
4544,19.28303295
4545,18.47136649
4546,16.88310332
4547,17.99248381
4548,22.26745718
4549,24.01844972
4550,21.68736374
4551,19.98060696
4552,21.57011659
4553,20.4580997
4554,17.82370049
4555,17.89528211
4556,18.21164595
4557,17.46919056
4558,16.68932877
4559,17.03276008
4560,15.69746027
4561,15.49714553
4562,17.9158751
4563,18.05649502
4564,15.41570106
4565,13.81518163
4566,16.02961697
4567,17.78657402
4568,16.44719326
4569,14.77060466
4570,13.29594253
4571,12.87029202
4572,14.49118791
4573,14.7378334
4574,13.23005015
4575,11.08857193
4576,11.35261022
4577,13.55816503
4578,13.10024503
4579,13.62296524
4580,15.90785902
4581,16.93606176
4582,15.85363163
4583,15.31603065
4584,14.24047891
4585,12.23078716
4586,12.93387875
4587,14.84971238
4588,12.86087657
4589,10.65995826
4590,12.78940223
4591,14.0558782
4592,15.73841063
4593,19.61889662
4594,20.00929536
4595,18.94174433
4596,16.9002267
4597,13.33272972
4598,12.60099976
4599,14.88038597
4600,14.99065447
4601,14.29262931
4602,15.21342686
4603,15.39026634
4604,15.45895389
4605,17.7204939
4606,18.83321038
4607,16.0715078
4608,15.37194762
4609,16.81044031
4610,17.66119491
4611,16.95137472
4612,16.53619254
4613,17.60747644
4614,18.27613078
4615,18.72764302
4616,19.82166506
4617,20.03542386
4618,19.69440262
4619,21.37183717
4620,21.60592158
4621,20.06092998
4622,19.20278744
4623,18.97564144
4624,18.44069359
4625,19.16364675
4626,20.98904523
4627,20.21595155
4628,24.39055193
4629,28.46742708
4630,21.53675107
4631,19.79766589
4632,19.02485
4633,19.19113693
4634,18.905449
4635,18.4367621
4636,19.36988719
4637,19.62082706
4638,18.67062536
4639,18.58845244
4640,18.60734579
4641,18.07094822
4642,17.80815423
4643,18.92739166
4644,20.08667111
4645,21.65713889
4646,21.99788801
4647,21.48774685
4648,19.78157461
4649,18.07494876
4650,17.93477019
4651,18.23898971
4652,20.81820134
4653,21.1194048
4654,17.67727375
4655,15.70400172
4656,15.8250514
4657,15.55819116
4658,14.84748338
4659,15.87717086
4660,16.88120452
4661,16.5516085
4662,16.325736
4663,15.6579409
4664,13.95073777
4665,13.45707977
4666,13.62759707
4667,13.6190854
4668,12.55851449
4669,11.79622699
4670,13.63393929
4671,15.63589592
4672,14.1729025
4673,12.9828886
4674,13.96353504
4675,14.46287141
4676,14.48900854
4677,12.50122927
4678,12.66847671
4679,13.12737057
4680,13.0259867
4681,12.4962978
4682,12.78869786
4683,13.50741487
4684,12.70049031
4685,12.9644786
4686,15.27353692
4687,15.79567138
4688,15.1304391
4689,17.74378542
4690,17.85145867
4691,15.66794523
4692,13.48084228
4693,12.02560192
4694,11.73976753
4695,10.16515911
4696,10.37249286
4697,12.01874247
4698,13.5338165
4699,13.26317107
4700,13.2408144
4701,14.4682547
4702,15.2134631
4703,15.39384528
4704,14.86676579
4705,14.94695623
4706,16.05716482
4707,17.01396546
4708,17.95223036
4709,18.38223811
4710,17.27644235
4711,16.36961224
4712,28.88114333
4713,31.8667911
4714,20.85587885
4715,18.59620836
4716,16.06214478
4717,16.8160095
4718,19.90927767
4719,19.64016767
4720,18.24548814
4721,17.77278746
4722,18.41725953
4723,19.0257049
4724,21.29812996
4725,22.52913461
4726,23.26422015
4727,26.00914061
4728,36.63612563
4729,24.4173681
4730,19.35947123
4731,18.19791349
4732,18.81861942
4733,18.90769922
4734,20.36932679
4735,21.00657909
4736,19.50208303
4737,19.08798423
4738,19.02593264
4739,19.28558934
4740,19.43021706
4741,20.6850642
4742,23.32191138
4743,23.18156894
4744,20.81027061
4745,19.70282491
4746,18.8867886
4747,18.39578847
4748,18.48588972
4749,17.41419614
4750,15.53933263
4751,14.82632272
4752,14.85725789
4753,15.91524091
4754,16.23425711
4755,14.51085584
4756,14.30417884
4757,15.84642761
4758,15.21947957
4759,12.44615993
4760,10.90360682
4761,9.684104068
4762,7.893804926
4763,8.416890696
4764,10.76378554
4765,13.90770699
4766,13.07472819
4767,8.996712908
4768,8.354252931
4769,8.464901689
4770,9.561772711
4771,11.5249242
4772,12.03712791
4773,9.661077918
4774,9.125567401
4775,11.37106487
4776,12.88441926
4777,14.99002949
4778,13.87200159
4779,10.05637797
4780,9.4961752
4781,11.0899006
4782,12.17885247
4783,12.7055004
4784,13.33537053
4785,12.44757168
4786,10.4823694
4787,9.770697844
4788,10.39781278
4789,10.98500473
4790,9.633532
4791,10.07680727
4792,9.799288122
4793,9.686401122
4794,12.12644536
4795,12.88196932
4796,13.05177669
4797,13.86104977
4798,14.31502464
4799,15.23858014
4800,14.33240758
4801,15.51535409
4802,18.72048396
4803,18.29068444
4804,18.28957244
4805,20.09711111
4806,21.33368856
4807,21.32825733
4808,20.17256099
4809,18.79076815
4810,19.13953571
4811,19.27216
4812,18.96951516
4813,20.52326644
4814,20.64322961
4815,18.38334285
4816,18.86848358
4817,21.00783381
4818,20.96230166
4819,18.66272338
4820,18.58834018
4821,19.60612615
4822,24.11384544
4823,34.42094602
4824,28.57116383
4825,18.6
4826,18.6
4827,18.6
4828,18.6
4829,21.26238184
4830,44.9432
4831,38.9568762
4832,27.37354553
4833,22.13295782
4834,21.45500362
4835,20.12678392
4836,20.60972813
4837,20.00602384
4838,19.34815751
4839,19.68653609
4840,19.19768419
4841,18.48807772
4842,18.97801202
4843,18.82996925
4844,17.76193439
4845,17.151022
4846,16.83041302
4847,16.66064138
4848,16.34693796
4849,15.3040081
4850,15.09725177
4851,15.63113363
4852,16.28097846
4853,15.02322572
4854,14.3046479
4855,15.54567223
4856,14.2319547
4857,13.37728319
4858,13.47702454
4859,12.78900181
4860,11.40776171
4861,11.92622182
4862,13.99038213
4863,13.7401536
4864,11.42011189
4865,11.30783744
4866,12.50264928
4867,10.33652535
4868,7.317274142
4869,8.888890397
4870,11.61078835
4871,12.14146881
4872,15.22124427
4873,14.92883507
4874,12.6393843
4875,17.43214447
4876,17.89439731
4877,14.53538626
4878,14.00571634
4879,13.11084479
4880,14.52435356
4881,14.87659828
4882,14.11219049
4883,14.34984259
4884,13.88901868
4885,13.28909762
4886,13.29032599
4887,12.9731322
4888,13.04093903
4889,14.26942729
4890,14.27928098
4891,15.00620107
4892,16.61758449
4893,17.71678704
4894,17.03878757
4895,16.04288801
4896,17.43305978
4897,18.32465133
4898,18.17390129
4899,17.86865383
4900,18.36198896
4901,18.61484517
4902,19.75291315
4903,22.12223701
4904,21.79631428
4905,19.85734203
4906,19.07737798
4907,18.81183968
4908,18.95852279
4909,19.70654092
4910,19.2681858
4911,18.6
4912,18.59375781
4913,18.48222148
4914,18.4112521
4915,18.2005
4916,23.1972
4917,23.03420836
4918,21.02812459
4919,20.3729271
4920,20.75819233
4921,20.00955725
4922,18.90997648
4923,18.76066684
4924,20.92293803
4925,21.42849974
4926,18.79907047
4927,17.97561166
4928,18.50444863
4929,19.27579452
4930,19.31741659
4931,20.68718563
4932,21.18877602
4933,21.40612676
4934,23.157016
4935,21.01032778
4936,18.38948589
4937,18.07225056
4938,18.39058303
4939,18.93384184
4940,19.12899883
4941,19.79287556
4942,19.97212656
4943,18.79925719
4944,16.87524536
4945,15.37856831
4946,16.20425748
4947,17.73178233
4948,17.33146211
4949,17.37055044
4950,17.28860502
4951,16.37535072
4952,16.2874451
4953,14.97596313
4954,16.03455421
4955,18.44204332
4956,17.46639345
4957,16.9881014
4958,17.8819254
4959,17.91988241
4960,16.84307625
4961,14.80227777
4962,16.64486736
4963,19.06861255
4964,18.03526158
4965,17.15888624
4966,17.12792114
4967,18.60649291
4968,16.34704527
4969,12.88685981
4970,12.82752035
4971,14.74568239
4972,16.58086177
4973,16.68204793
4974,17.25860304
4975,17.81333257
4976,17.63143706
4977,18.05042741
4978,15.83368856
4979,14.73152559
4980,15.94604522
4981,17.09900989
4982,15.93448004
4983,14.87468306
4984,20.61997282
4985,20.03522468
4986,15.28676678
4987,16.92843998
4988,18.34967797
4989,19.24183934
4990,19.27364444
4991,18.46426356
4992,19.06873533
4993,20.78789523
4994,21.21688833
4995,18.73594493
4996,18.80557053
4997,19.06612837
4998,18.88130293
4999,18.83666342
5000,20.27993617
5001,22.10307159
5002,20.93463733
5003,19.52080275
5004,19.52968362
5005,18.93962868
5006,18.43290978
5007,17.74852618
5008,17.7615831
5009,25.93534984
5010,26.26911469
5011,22.80826929
5012,19.33524876
5013,19.00887452
5014,18.6
5015,18.6
5016,17.99694533
5017,18.10049309
5018,18.53871174
5019,18.75039222
5020,20.30593516
5021,22.36748884
5022,21.30741185
5023,20.62012384
5024,21.2099844
5025,22.39291545
5026,21.94883795
5027,23.96568231
5028,23.71591929
5029,19.38358405
5030,18.88303454
5031,19.01204986
5032,19.64392216
5033,20.25671831
5034,20.8256321
5035,20.15226477
5036,19.23299945
5037,17.67949877
5038,13.41762589
5039,12.33356254
5040,15.71070429
5041,17.08767457
5042,16.12826069
5043,14.65210349
5044,13.33194912
5045,13.90709354
5046,16.13198327
5047,16.6136978
5048,15.75996103
5049,15.76649407
5050,15.31321992
5051,16.20680691
5052,16.78702402
5053,15.60626824
5054,15.36453779
5055,15.59028321
5056,14.82367849
5057,13.32531437
5058,14.04931282
5059,16.02211456
5060,17.185133
5061,16.95598643
5062,19.08233549
5063,19.20606763
5064,14.05534211
5065,12.1048914
5066,10.5888283
5067,11.50834972
5068,13.42301493
5069,13.4983851
5070,13.95083224
5071,12.94722194
5072,14.31106211
5073,17.86004283
5074,18.47016036
5075,15.88894039
5076,15.08005698
5077,14.75734144
5078,14.60076682
5079,14.24871144
5080,12.8001447
5081,15.29293144
5082,18.62879174
5083,17.76840639
5084,16.26029026
5085,19.15991328
5086,21.28360333
5087,19.76554
5088,18.48550638
5089,18.93541317
5090,18.6343289
5091,17.79452524
5092,17.12365222
5093,17.09291065
5094,18.29071615
5095,18.91464419
5096,20.40259211
5097,20.53103544
5098,19.59032856
5099,19.303967
5100,19.18977078
5101,19.31722267
5102,18.81960833
5103,18.42309044
5104,18.27132453
5105,20.15196999
5106,21.64356255
5107,20.27806738
5108,19.8535214
5109,28.01726788
5110,30.65983513
5111,24.56263941
5112,19.27136298
5113,19.64181813
5114,20.06865491
5115,19.55257378
5116,20.59318837
5117,22.99192445
5118,18.11390634
5119,18.98292667
5120,21.2179468
5121,18.6
5122,22.26200804
5123,21.34068586
5124,19.68606702
5125,19.09049524
5126,20.348453
5127,23.73170465
5128,23.35582026
5129,22.01151203
5130,21.62168764
5131,19.00019951
5132,20.07524955
5133,20.12085199
5134,18.42605264
5135,18.73190889
5136,21.27768258
5137,22.44205487
5138,19.60259772
5139,16.41583808
5140,16.081599
5141,17.62648594
5142,16.72634411
5143,16.33951598
5144,17.55113955
5145,15.48874795
5146,13.845384
5147,13.99684443
5148,12.42617115
5149,11.09500308
5150,12.5060288
5151,14.02046964
5152,14.07173539
5153,14.69745418
5154,15.81324206
5155,15.4064878
5156,14.85050067
5157,14.09523949
5158,13.54727313
5159,14.50663687
5160,15.95419141
5161,16.74964434
5162,14.07381813
5163,10.84542782
5164,10.99551937
5165,13.79576203
5166,16.59776462
5167,17.5051885
5168,18.40759506
5169,17.96216912
5170,21.02058059
5171,19.8916717
5172,14.09190647
5173,13.04217803
5174,14.80100064
5175,16.28316582
5176,15.25467669
5177,14.77147263
5178,18.08664263
5179,19.59681969
5180,15.82385783
5181,14.57528178
5182,16.7710952
5183,17.60371875
5184,17.09616705
5185,17.02618489
5186,17.18530144
5187,17.92599418
5188,17.86899745
5189,18.17592212
5190,20.42171054
5191,20.19776056
5192,20.49842103
5193,20.96656047
5194,20.51826367
5195,20.36065761
5196,20.20338825
5197,29.32948349
5198,35.06596863
5199,27.98402277
5200,25.24930301
5201,25.77658595
5202,24.47266493
5203,20.57154896
5204,18.48174863
5205,24.04442382
5206,22.79893518
5207,21.54843561
5208,19.15397384
5209,19.73752625
5210,20.23491499
5211,20.80643075
5212,22.84567969
5213,22.56150188
5214,22.60131662
5215,22.18293734
5216,20.29775542
5217,21.40015164
5218,22.19275671
5219,20.19059775
5220,22.10327173
5221,21.64465287
5222,19.55771772
5223,18.80898747
5224,18.80866913
5225,18.3256816
5226,17.90667835
5227,19.10195382
5228,19.03138841
5229,20.69647215
5230,21.05551824
5231,17.22413914
5232,16.05290957
5233,16.62502027
5234,16.63259163
5235,16.84493496
5236,18.76734703
5237,21.30980544
5238,19.81833024
5239,18.62814804
5240,21.24506071
5241,21.10504525
5242,18.17525542
5243,15.64135835
5244,14.75574051
5245,14.2667037
5246,14.13271093
5247,16.114972
5248,16.41677807
5249,12.91390237
5250,14.25230495
5251,17.50726178
5252,15.2607001
5253,13.27670702
5254,14.06415458
5255,14.73699279
5256,15.0080238
5257,17.06457607
5258,17.89217746
5259,15.82705358
5260,15.74861315
5261,15.95840406
5262,15.34722724
5263,16.24228517
5264,17.79079182
5265,17.38576889
5266,16.48748532
5267,16.14078578
5268,15.75012181
5269,15.25545439
5270,12.92941304
5271,11.77988692
5272,15.19909947
5273,17.7775654
5274,16.30407086
5275,14.31183446
5276,16.13075255
5277,25.6098847
5278,27.14958521
5279,20.31599687
5280,16.29040144
5281,16.61980678
5282,18.25220256
5283,18.29978133
5284,20.45607022
5285,21.63212978
5286,19.68971602
5287,19.01445833
5288,19.5904302
5289,19.88357754
5290,20.276835
5291,19.33869958
5292,20.19794589
5293,22.21334893
5294,22.21743334
5295,18.82235701
5296,18.55301587
5297,18.64002476
5298,18.53689375
5299,18.6
5300,18.6
5301,18.6
5302,17.95912037
5303,17.90785
5304,20.76520153
5305,20.46407159
5306,19.11891474
5307,19.74228849
5308,21.96880943
5309,21.51059966
5310,19.1432008
5311,18.89247947
5312,18.53198863
5313,18.31291253
5314,18.44680524
5315,17.79776023
5316,19.49223076
5317,24.86099015
5318,23.96628324
5319,19.62793845
5320,18.61952393
5321,22.14407898
5322,22.48843905
5323,20.04310106
5324,19.55968787
5325,22.14786713
5326,20.54622021
5327,17.59944858
5328,18.65702839
5329,16.82553289
5330,15.85555465
5331,16.18733684
5332,14.8574474
5333,15.24083762
5334,19.0140517
5335,19.45487918
5336,16.19019554
5337,14.65195899
5338,12.24951402
5339,11.49490648
5340,11.35982843
5341,12.27010273
5342,13.73656102
5343,14.55972872
5344,15.15008956
5345,15.72884989
5346,15.50022621
5347,13.93994848
5348,15.09924864
5349,18.81012721
5350,17.49370205
5351,14.51493195
5352,13.60644949
5353,13.08298353
5354,12.80361717
5355,16.34202724
5356,17.16372571
5357,14.87394032
5358,15.35695994
5359,16.89010657
5360,19.1222553
5361,17.7169679
5362,16.45619044
5363,17.51595229
5364,16.45982113
5365,16.53162184
5366,17.84653601
5367,19.49498657
5368,17.40582468
5369,15.72778929
5370,17.08956702
5371,15.7916585
5372,14.68972664
5373,14.44748153
5374,16.20480061
5375,18.12793935
5376,18.04483835
5377,21.56409003
5378,27.40612839
5379,24.76817802
5380,19.1376088
5381,18.70476417
5382,18.81670883
5383,18.22296466
5384,17.77031334
5385,19.88026271
5386,23.32458223
5387,21.79497013
5388,20.35189332
5389,19.48032721
5390,19.02828369
5391,28.36944626
5392,25.60626043
5393,21.18067626
5394,20.01141993
5395,18.71770056
5396,18.6
5397,18.2925093
5398,17.12993121
5399,16.25803505
5400,18.96576051
5401,19.15008954
5402,20.94435542
5403,20.59193099
5404,18.74529634
5405,18.6055014
5406,22.93451575
5407,24.56474173
5408,21.61962176
5409,19.11816788
5410,18.51266175
5411,18.31584225
5412,18.56652225
5413,18.35043408
5414,20.74730389
5415,22.08131989
5416,19.5818398
5417,19.09741596
5418,20.5518643
5419,20.09595927
5420,19.62482772
5421,18.65216445
5422,16.07040612
5423,17.69556365
5424,19.3076725
5425,18.66999269
5426,18.26476937
5427,16.04557005
5428,14.98262731
5429,16.01641551
5430,16.30189888
5431,16.41376151
5432,17.58083504
5433,17.15164935
5434,15.34582243
5435,14.05953992
5436,12.98407166
5437,12.11810088
5438,16.24350649
5439,17.7318114
5440,14.64123809
5441,12.70405645
5442,12.5623352
5443,15.05270354
5444,16.95540838
5445,19.68177842
5446,19.26178449
5447,15.25857474
5448,13.10099387
5449,14.68425458
5450,18.73659411
5451,18.6378112
5452,16.70521145
5453,15.7297638
5454,14.89356084
5455,14.83751691
5456,16.45723544
5457,16.97151347
5458,15.03973127
5459,15.75645483
5460,17.13494158
5461,17.96888658
5462,16.23313131
5463,12.66230474
5464,12.60574284
5465,13.09000749
5466,14.2119087
5467,17.65710149
5468,18.30218131
5469,17.21450446
5470,17.07067206
5471,15.41740772
5472,13.13883314
5473,14.83452097
5474,17.66501152
5475,18.346688
5476,18.998403
5477,19.52763985
5478,18.68944423
5479,18.51638924
5480,19.69904822
5481,19.09918744
5482,19.04533178
5483,18.91212156
5484,18.70507329
5485,18.72200073
5486,19.71857683
5487,21.28418547
5488,19.80079037
5489,17.91161396
5490,17.38515712
5491,21.19819065
5492,19.28683479
5493,19.85311662
5494,22.78683337
5495,21.06760324
5496,18.80132095
5497,18.6
5498,20.22905571
5499,21.4049613
5500,21.16162666
5501,20.8749399
5502,19.93923296
5503,19.62593272
5504,18.46176615
5505,18.84005225
5506,19.309954
5507,18.80534443
5508,20.48177771
5509,24.30662499
5510,20.82486045
5511,20.2933916
5512,22.92895393
5513,24.87809114
5514,22.72213432
5515,21.01647138
5516,20.10889654
5517,17.69438723
5518,16.35741644
5519,16.35196939
5520,17.60284736
5521,18.81519209
5522,17.37194598
5523,14.41305009
5524,16.00761154
5525,17.73928829
5526,15.65365193
5527,15.06779675
5528,16.5852796
5529,17.14285958
5530,15.44250697
5531,13.94093695
5532,13.86895612
5533,13.17740127
5534,12.91268833
5535,14.50166489
5536,14.24625988
5537,13.92744961
5538,15.15456967
5539,15.30749718
5540,14.1942322
5541,14.24046021
5542,13.92517179
5543,12.16983288
5544,11.87299301
5545,11.61143711
5546,12.42295691
5547,12.13130177
5548,12.51710929
5549,15.99410046
5550,15.72367545
5551,14.22188625
5552,14.14126304
5553,14.86974398
5554,14.60686323
5555,11.96895207
5556,11.84582278
5557,13.46805473
5558,13.38698744
5559,12.16514933
5560,11.35655529
5561,12.618814
5562,13.80321353
5563,14.89970901
5564,15.66566378
5565,15.46190331
5566,14.24264449
5567,14.50519843
5568,17.0735845
5569,17.01211
5570,17.51923391
5571,19.21271733
5572,18.69113959
5573,18.02614091
5574,20.35991738
5575,21.10040013
5576,18.43081581
5577,18.95377046
5578,19.75841487
5579,19.24481044
5580,19.30028845
5581,18.84339667
5582,18.91088386
5583,21.08447656
5584,21.694359
5585,20.93786924
5586,21.05496842
5587,19.68806082
5588,19.50978926
5589,19.83170547
5590,22.12207771
5591,22.67486152
5592,21.04610701
5593,20.07996833
5594,19.94224865
5595,21.61213198
5596,22.69691795
5597,21.35248387
5598,18.6
5599,18.6
5600,27.72117461
5601,23.05943786
5602,17.76775194
5603,19.86391545
5604,19.5508289
5605,18.74790611
5606,20.60991517
5607,20.53514569
5608,19.54794329
5609,19.54064814
5610,19.2841746
5611,19.22016611
5612,19.1737588
5613,20.4263036
5614,19.41703656
5615,17.59556147
5616,16.70445355
5617,14.50027091
5618,13.78933612
5619,13.11648821
5620,13.99216408
5621,14.60504163
5622,15.27628401
5623,16.16028222
5624,14.77423256
5625,12.91626757
5626,11.4328386
5627,11.14410669
5628,11.51064894
5629,11.41123302
5630,10.68738268
5631,10.67885148
5632,11.39711194
5633,13.2035695
5634,14.91469109
5635,13.63279706
5636,14.28091751
5637,14.70021907
5638,12.26865424
5639,13.03697433
5640,21.5734348
5641,18.94831722
5642,10.55730296
5643,12.09901475
5644,14.26446511
5645,12.64581043
5646,11.69827486
5647,13.67544437
5648,12.83181151
5649,9.793583665
5650,9.617359678
5651,11.55617634
5652,14.28958024
5653,14.17968589
5654,12.69211829
5655,12.65231396
5656,12.46597269
5657,12.26725823
5658,13.05306548
5659,16.57000936
5660,18.77931481
5661,18.57845993
5662,17.58975593
5663,17.46487964
5664,17.66328276
5665,17.42950058
5666,17.33839943
5667,16.97841974
5668,19.01068399
5669,20.64134083
5670,21.16335542
5671,21.31092859
5672,19.89098586
5673,18.96387314
5674,18.87996788
5675,19.52528625
5676,19.6896144
5677,19.62393985
5678,20.21107766
5679,20.918282
5680,22.04596711
5681,20.70290728
5682,18.55841625
5683,18.50850389
5684,18.6
5685,18.6
5686,25.53712786
5687,26.14185462
5688,18.6
5689,18.6
5690,18.6
5691,22.35880923
5692,18.6
5693,19.55041258
5694,19.62352046
5695,19.06291663
5696,18.6054706
5697,18.602178
5698,19.57240176
5699,22.24785482
5700,23.95782595
5701,22.04600863
5702,20.83953805
5703,22.7488791
5704,22.33143808
5705,21.00369704
5706,20.12553319
5707,19.04321705
5708,19.42590969
5709,19.5699615
5710,18.47470037
5711,16.64525719
5712,16.16064213
5713,16.47103231
5714,16.60003111
5715,17.46474749
5716,17.4769468
5717,16.35995357
5718,16.6494621
5719,17.33212085
5720,14.95018463
5721,13.92833483
5722,14.31196916
5723,12.39693606
5724,12.18852163
5725,14.08788195
5726,13.20827762
5727,12.32591849
5728,13.97255751
5729,15.75739827
5730,14.25447867
5731,10.73548357
5732,11.5422034
5733,14.75616689
5734,15.66370072
5735,13.56887328
5736,11.99147282
5737,13.05302827
5738,13.88433709
5739,15.21393543
5740,15.91770597
5741,14.6375678
5742,13.74903729
5743,14.07917929
5744,14.7648353
5745,15.41928626
5746,15.21904722
5747,15.21330343
5748,15.63061794
5749,15.95962436
5750,20.60118155
5751,17.05794518
5752,14.6188459
5753,15.9122029
5754,16.16522072
5755,16.54299372
5756,16.11654859
5757,16.21969433
5758,19.19167622
5759,24.28610167
5760,24.11227
5761,18.49123289
5762,14.99773776
5763,16.00198333
5764,19.58387346
5765,18.697769
5766,21.65740704
5767,25.23269871
5768,21.36538567
5769,18.35922988
5770,18.27867742
5771,18.67733333
5772,18.7392
5773,22.05078138
5774,26.81137488
5775,19.01759764
5776,20.1710868
5777,20.73589881
5778,19.53116602
5779,18.62668281
5780,18.6
5781,22.64882497
5782,22.80932712
5783,22.90225852
5784,17.2560755
5785,18.22833166
5786,18.35680069
5787,24.33077473
5788,22.75666323
5789,21.17214562
5790,19.64646711
5791,19.03585667
5792,19.21650135
5793,19.00136991
5794,19.29060663
5795,21.49638005
5796,23.21195856
5797,20.75133568
5798,20.047193
5799,19.82198785
5800,18.7644454
5801,18.82576442
5802,19.14088209
5803,19.03440141
5804,19.61708037
5805,20.77541481
5806,19.77076471
5807,17.6571487
5808,16.89997906
5809,17.50609704
5810,19.20448667
5811,21.95769658
5812,20.32520639
5813,17.26280947
5814,16.84800389
5815,16.99868609
5816,18.56727069
5817,18.99055489
5818,18.92845415
5819,17.56526482
5820,16.307316
5821,15.65523789
5822,14.72959699
5823,15.98062021
5824,16.10229025
5825,15.23520898
5826,15.82011598
5827,15.01093157
5828,12.42114459
5829,12.62696943
5830,15.3110324
5831,16.02141287
5832,16.37294111
5833,19.36984213
5834,19.21264767
5835,16.72443
5836,16.21294782
5837,18.46800378
5838,21.02009007
5839,18.58758733
5840,14.66625152
5841,13.37598031
5842,14.10935862
5843,15.23369224
5844,16.84567857
5845,17.05965272
5846,16.1883742
5847,15.94384938
5848,16.92359835
5849,17.64557745
5850,16.60678782
5851,15.69469472
5852,17.09281579
5853,18.37093511
5854,17.79716901
5855,17.66286495
